-- phpMyAdmin SQL Dump
-- version 4.4.15.1
-- http://www.phpmyadmin.net
--
-- Host: 127.0.0.1
-- Generation Time: Aug 08, 2016 at 06:15 PM
-- Server version: 5.6.25
-- PHP Version: 5.5.31

SET SQL_MODE = "NO_AUTO_VALUE_ON_ZERO";
SET time_zone = "+00:00";


/*!40101 SET @OLD_CHARACTER_SET_CLIENT=@@CHARACTER_SET_CLIENT */;
/*!40101 SET @OLD_CHARACTER_SET_RESULTS=@@CHARACTER_SET_RESULTS */;
/*!40101 SET @OLD_COLLATION_CONNECTION=@@COLLATION_CONNECTION */;
/*!40101 SET NAMES utf8mb4 */;

--
-- Database: `np_16019_bic_ffyw`
--

-- --------------------------------------------------------

--
-- Table structure for table `bic_ffyw_attachment`
--

CREATE TABLE IF NOT EXISTS `bic_ffyw_attachment` (
  `id` int(11) NOT NULL,
  `title` varchar(255) COLLATE utf8_unicode_ci DEFAULT NULL,
  `size` varchar(255) COLLATE utf8_unicode_ci NOT NULL,
  `image` varchar(255) COLLATE utf8_unicode_ci DEFAULT NULL,
  `caption` varchar(255) COLLATE utf8_unicode_ci DEFAULT NULL,
  `description` varchar(255) COLLATE utf8_unicode_ci DEFAULT NULL,
  `created_at` datetime NOT NULL,
  `updated_at` datetime DEFAULT NULL
) ENGINE=InnoDB AUTO_INCREMENT=154 DEFAULT CHARSET=utf8 COLLATE=utf8_unicode_ci;

--
-- Dumping data for table `bic_ffyw_attachment`
--

INSERT INTO `bic_ffyw_attachment` (`id`, `title`, `size`, `image`, `caption`, `description`, `created_at`, `updated_at`) VALUES
(7, NULL, '[{"full":{"width":4032,"height":3024}},{"large":{"width":1024,"height":768}},{"thumbnail":{"width":300,"height":225}}]', 'IMG_23731.jpg', NULL, NULL, '2016-07-19 01:22:56', '2016-07-19 01:22:56'),
(10, NULL, '[{"full":{"width":4032,"height":3024}},{"large":{"width":1024,"height":768}},{"thumbnail":{"width":300,"height":225}}]', 'IMG_23721.jpg', NULL, NULL, '2016-07-19 01:26:19', '2016-07-19 01:26:19'),
(14, NULL, '[{"full":{"width":190,"height":135}}]', 'WEEK 5 - Read Between The Lines.png', NULL, NULL, '2016-07-19 10:14:49', '2016-07-19 10:14:49'),
(19, NULL, '[{"full":{"width":900,"height":823}},{"thumbnail":{"width":300,"height":274}}]', 'week5.png', NULL, NULL, '2016-07-21 09:13:26', '2016-07-21 09:13:26'),
(20, NULL, '[{"full":{"width":376,"height":93}}]', 'BGCC_Logo_French.jpg', NULL, NULL, '2016-07-21 09:19:17', '2016-07-21 09:19:17'),
(21, NULL, '[{"full":{"width":500,"height":500}},{"thumbnail":{"width":300,"height":300}}]', 'week-popup.jpg', NULL, NULL, '2016-07-21 15:25:44', '2016-07-21 15:25:44'),
(22, NULL, '[{"full":{"width":900,"height":823}},{"thumbnail":{"width":300,"height":274}}]', 'week-popup.png', NULL, NULL, '2016-07-21 15:27:26', '2016-07-21 15:27:26'),
(25, NULL, '[{"full":{"width":4032,"height":3024}},{"large":{"width":1024,"height":768}},{"medium":{"width":480,"height":360}},{"thumbnail":{"width":300,"height":300}}]', 'IMG_23691.jpg', NULL, NULL, '2016-07-22 10:58:09', '2016-07-22 10:58:09'),
(26, NULL, '[{"full":{"width":3024,"height":4032}},{"large":{"width":768,"height":1024}},{"medium":{"width":360,"height":480}},{"thumbnail":{"width":300,"height":300}}]', 'IMG_2368.jpg', NULL, NULL, '2016-07-22 10:58:26', '2016-07-22 10:58:26'),
(27, NULL, '[{"full":{"width":3024,"height":4032}},{"large":{"width":768,"height":1024}},{"medium":{"width":360,"height":480}},{"thumbnail":{"width":300,"height":300}}]', 'IMG_23682.jpg', NULL, NULL, '2016-07-22 10:58:52', '2016-07-22 10:58:52'),
(28, NULL, '[{"full":{"width":3024,"height":4032}},{"large":{"width":768,"height":1024}},{"medium":{"width":360,"height":480}},{"thumbnail":{"width":300,"height":300}}]', 'IMG_23711.jpg', NULL, NULL, '2016-07-22 10:59:04', '2016-07-22 10:59:04'),
(29, NULL, '[{"full":{"width":4032,"height":3024}},{"large":{"width":1024,"height":768}},{"medium":{"width":480,"height":360}},{"thumbnail":{"width":300,"height":300}}]', 'IMG_23692.jpg', NULL, NULL, '2016-07-22 11:06:27', '2016-07-22 11:06:27'),
(30, NULL, '[{"full":{"width":4032,"height":3024}},{"large":{"width":1024,"height":768}},{"medium":{"width":480,"height":360}},{"thumbnail":{"width":300,"height":300}}]', 'IMG_23693.jpg', NULL, NULL, '2016-07-22 11:07:30', '2016-07-22 11:07:30'),
(31, NULL, '[{"full":{"width":4032,"height":3024}},{"large":{"width":1024,"height":768}},{"medium":{"width":480,"height":360}},{"thumbnail":{"width":300,"height":300}}]', 'IMG_2365.jpg', NULL, NULL, '2016-07-22 11:15:15', '2016-07-22 11:15:15'),
(32, NULL, '[{"full":{"width":4032,"height":3024}},{"large":{"width":1024,"height":768}},{"medium":{"width":480,"height":360}},{"thumbnail":{"width":300,"height":300}}]', 'IMG_23651.jpg', NULL, NULL, '2016-07-22 11:16:37', '2016-07-22 11:16:37'),
(37, NULL, '[{"full":{"width":3024,"height":4032}},{"large":{"width":768,"height":1024}},{"medium":{"width":360,"height":480}},{"thumbnail":{"width":300,"height":300}}]', 'IMG_2366.jpg', NULL, NULL, '2016-07-22 11:25:25', '2016-07-22 11:25:25'),
(38, NULL, '[{"full":{"width":3024,"height":4032}},{"large":{"width":768,"height":1024}},{"medium":{"width":360,"height":480}},{"thumbnail":{"width":300,"height":300}}]', 'IMG_23671.jpg', NULL, NULL, '2016-07-22 11:25:48', '2016-07-22 11:25:48'),
(39, NULL, '[{"full":{"width":3024,"height":4032}},{"large":{"width":768,"height":1024}},{"medium":{"width":360,"height":480}},{"thumbnail":{"width":300,"height":300}}]', 'IMG_23683.jpg', NULL, NULL, '2016-07-22 11:26:12', '2016-07-22 11:26:12'),
(40, NULL, '[{"full":{"width":3024,"height":4032}},{"large":{"width":768,"height":1024}},{"medium":{"width":360,"height":480}},{"thumbnail":{"width":300,"height":300}}]', 'IMG_23694.jpg', NULL, NULL, '2016-07-22 11:26:39', '2016-07-22 11:26:39'),
(41, NULL, '[{"full":{"width":3024,"height":4032}},{"large":{"width":768,"height":1024}},{"medium":{"width":360,"height":480}},{"thumbnail":{"width":300,"height":300}}]', 'IMG_2370.jpg', NULL, NULL, '2016-07-22 11:27:12', '2016-07-22 11:27:12'),
(42, NULL, '[{"full":{"width":3024,"height":4032}},{"large":{"width":768,"height":1024}},{"medium":{"width":360,"height":480}},{"thumbnail":{"width":300,"height":300}}]', 'IMG_23712.jpg', NULL, NULL, '2016-07-22 11:27:44', '2016-07-22 11:27:44'),
(45, NULL, '[{"full":{"width":3024,"height":4032}},{"large":{"width":768,"height":1024}},{"medium":{"width":360,"height":480}},{"thumbnail":{"width":300,"height":300}}]', 'IMG_23722.jpg', NULL, NULL, '2016-07-22 11:29:08', '2016-07-22 11:29:08'),
(46, NULL, '[{"full":{"width":3024,"height":4032}},{"large":{"width":768,"height":1024}},{"medium":{"width":360,"height":480}},{"thumbnail":{"width":300,"height":300}}]', 'IMG_23732.jpg', NULL, NULL, '2016-07-22 11:29:32', '2016-07-22 11:29:32'),
(47, NULL, '[{"full":{"width":3024,"height":4032}},{"large":{"width":768,"height":1024}},{"medium":{"width":360,"height":480}},{"thumbnail":{"width":300,"height":300}}]', 'IMG_2374.jpg', NULL, NULL, '2016-07-22 11:29:50', '2016-07-22 11:29:50'),
(48, NULL, '[{"full":{"width":3024,"height":4032}},{"large":{"width":768,"height":1024}},{"medium":{"width":360,"height":480}},{"thumbnail":{"width":300,"height":300}}]', 'IMG_2375.jpg', NULL, NULL, '2016-07-22 11:30:18', '2016-07-22 11:30:18'),
(49, NULL, '[{"full":{"width":1000,"height":941}},{"medium":{"width":480,"height":452}},{"thumbnail":{"width":300,"height":300}}]', 'BIC_screenshot1.png', NULL, NULL, '2016-07-22 12:00:47', '2016-07-22 12:00:47'),
(57, NULL, '[{"full":{"width":3024,"height":4032}},{"large":{"width":768,"height":1024}},{"medium":{"width":360,"height":480}},{"thumbnail":{"width":300,"height":300}}]', 'IMG_23653.jpg', NULL, NULL, '2016-07-22 16:02:50', '2016-07-22 16:02:50'),
(59, NULL, '[{"full":{"width":500,"height":500}},{"medium":{"width":480,"height":480}},{"thumbnail":{"width":300,"height":300}}]', 'week-4-popup1.jpg', NULL, NULL, '2016-07-22 16:22:28', '2016-07-22 16:22:28'),
(62, NULL, '[{"full":{"width":500,"height":500}},{"medium":{"width":480,"height":480}},{"thumbnail":{"width":300,"height":300}}]', 'week-4-popup.jpg', NULL, NULL, '2016-07-24 07:56:39', '2016-07-24 07:56:39'),
(63, NULL, '[{"full":{"width":900,"height":823}},{"medium":{"width":480,"height":439}},{"thumbnail":{"width":300,"height":300}}]', 'week51.png', NULL, NULL, '2016-07-24 07:59:29', '2016-07-24 07:59:29'),
(64, NULL, '[{"full":{"width":2048,"height":1365}},{"large":{"width":1024,"height":683}},{"medium":{"width":480,"height":320}},{"thumbnail":{"width":300,"height":300}}]', '13692969_546790032196465_8876766310276135361_o.jpg', NULL, NULL, '2016-07-24 10:04:29', '2016-07-24 10:04:29'),
(65, NULL, '[{"full":{"width":960,"height":720}},{"medium":{"width":480,"height":360}},{"thumbnail":{"width":300,"height":300}}]', '13754692_1757849134491898_3748239267418424671_n.jpg', NULL, NULL, '2016-07-26 05:31:50', '2016-07-26 05:31:50'),
(66, NULL, '[{"full":{"width":900,"height":823}},{"medium":{"width":480,"height":439}},{"thumbnail":{"width":300,"height":300}}]', 'week52.png', NULL, NULL, '2016-07-26 05:33:00', '2016-07-26 05:33:00'),
(67, NULL, '[{"full":{"width":500,"height":500}},{"medium":{"width":480,"height":480}},{"thumbnail":{"width":300,"height":300}}]', 'week-4-popup2.jpg', NULL, NULL, '2016-07-26 10:31:04', '2016-07-26 10:31:04'),
(68, NULL, '[{"full":{"width":500,"height":500}},{"medium":{"width":480,"height":480}},{"thumbnail":{"width":300,"height":300}}]', 'week-4-popup3.jpg', NULL, NULL, '2016-07-26 10:36:08', '2016-07-26 10:36:08'),
(69, NULL, '[{"full":{"width":500,"height":500}},{"medium":{"width":480,"height":480}},{"thumbnail":{"width":300,"height":300}}]', 'week-4-popup4.jpg', NULL, NULL, '2016-07-26 10:43:21', '2016-07-26 10:43:21'),
(70, NULL, '[{"full":{"width":500,"height":500}},{"medium":{"width":480,"height":480}},{"thumbnail":{"width":300,"height":300}}]', 'week-4-popup5.jpg', NULL, NULL, '2016-07-26 10:44:53', '2016-07-26 10:44:53'),
(71, NULL, '[{"full":{"width":259,"height":194}}]', 'garfield.jpg', NULL, NULL, '2016-07-27 01:43:16', '2016-07-27 01:43:16'),
(72, NULL, '[{"full":{"width":2448,"height":2448}},{"large":{"width":1024,"height":1024}},{"medium":{"width":480,"height":480}},{"thumbnail":{"width":300,"height":300}}]', 'photo-12.jpg', NULL, NULL, '2016-07-27 01:46:14', '2016-07-27 01:46:14'),
(73, NULL, '[{"full":{"width":400,"height":400}},{"thumbnail":{"width":300,"height":300}}]', 'yes-correct1.jpg', NULL, NULL, '2016-07-27 10:18:22', '2016-07-27 10:18:22'),
(74, NULL, '[{"full":{"width":400,"height":400}},{"thumbnail":{"width":300,"height":300}}]', 'yes-correct2.jpg', NULL, NULL, '2016-07-27 10:21:12', '2016-07-27 10:21:12'),
(75, NULL, '[{"full":{"width":400,"height":400}},{"thumbnail":{"width":300,"height":300}}]', 'yes-correct3.jpg', NULL, NULL, '2016-07-27 10:34:21', '2016-07-27 10:34:21'),
(76, NULL, '[{"full":{"width":259,"height":194}}]', 'garfield1.jpg', NULL, NULL, '2016-07-27 11:15:38', '2016-07-27 11:15:38'),
(77, NULL, '[{"full":{"width":259,"height":194}}]', 'garfield2.jpg', NULL, NULL, '2016-07-27 11:37:26', '2016-07-27 11:37:26'),
(78, NULL, '[{"full":{"width":499,"height":499}},{"medium":{"width":480,"height":480}},{"thumbnail":{"width":300,"height":300}}]', 'sample.jpg', NULL, NULL, '2016-07-27 11:51:21', '2016-07-27 11:51:21'),
(79, NULL, '[{"full":{"width":259,"height":194}}]', 'garfield3.jpg', NULL, NULL, '2016-07-27 12:01:02', '2016-07-27 12:01:02'),
(80, NULL, '[{"full":{"width":1264,"height":1448}},{"large":{"width":894,"height":1024}},{"medium":{"width":419,"height":480}},{"thumbnail":{"width":300,"height":300}}]', 'IMG_2170.jpg', NULL, NULL, '2016-07-28 05:55:14', '2016-07-28 05:55:14'),
(81, NULL, '[{"full":{"width":1264,"height":1448}},{"large":{"width":894,"height":1024}},{"medium":{"width":419,"height":480}},{"thumbnail":{"width":300,"height":300}}]', 'IMG_21701.jpg', NULL, NULL, '2016-07-28 06:15:06', '2016-07-28 06:15:06'),
(82, NULL, '[{"full":{"width":1024,"height":768}},{"medium":{"width":480,"height":360}},{"thumbnail":{"width":300,"height":300}}]', 'Desert.jpg', NULL, NULL, '2016-07-28 06:18:47', '2016-07-28 06:18:47'),
(83, NULL, '[{"full":{"width":1361,"height":701}},{"medium":{"width":480,"height":247}}]', '7-28-2016 11-07-17 AM.png', NULL, NULL, '2016-07-28 06:24:00', '2016-07-28 06:24:00'),
(84, NULL, '[{"full":{"width":1024,"height":768}},{"medium":{"width":480,"height":360}},{"thumbnail":{"width":300,"height":300}}]', 'Penguins.jpg', NULL, NULL, '2016-07-28 06:43:15', '2016-07-28 06:43:15'),
(85, NULL, '[{"full":{"width":1264,"height":1448}},{"large":{"width":894,"height":1024}},{"medium":{"width":419,"height":480}},{"thumbnail":{"width":300,"height":300}}]', 'IMG_21702.jpg', NULL, NULL, '2016-07-28 07:27:23', '2016-07-28 07:27:23'),
(86, NULL, '[{"full":{"width":1264,"height":1448}},{"large":{"width":894,"height":1024}},{"medium":{"width":419,"height":480}},{"thumbnail":{"width":300,"height":300}}]', 'IMG_21703.jpg', NULL, NULL, '2016-07-28 07:29:32', '2016-07-28 07:29:32'),
(87, NULL, '[{"full":{"width":1264,"height":1448}},{"large":{"width":894,"height":1024}},{"medium":{"width":419,"height":480}},{"thumbnail":{"width":300,"height":300}}]', 'IMG_21704.jpg', NULL, NULL, '2016-07-28 07:30:18', '2016-07-28 07:30:18'),
(88, NULL, '[{"full":{"width":1024,"height":768}},{"medium":{"width":480,"height":360}},{"thumbnail":{"width":300,"height":300}}]', 'Tulips.jpg', NULL, NULL, '2016-07-28 07:31:59', '2016-07-28 07:31:59'),
(89, NULL, '[{"full":{"width":1024,"height":768}},{"medium":{"width":480,"height":360}},{"thumbnail":{"width":300,"height":300}}]', 'Jellyfish.jpg', NULL, NULL, '2016-07-28 07:43:56', '2016-07-28 07:43:56'),
(90, NULL, '[{"full":{"width":1361,"height":701}},{"medium":{"width":480,"height":247}}]', '7-28-2016 11-07-17 AM1.png', NULL, NULL, '2016-07-28 07:47:23', '2016-07-28 07:47:23'),
(91, NULL, '[{"full":{"width":1024,"height":768}},{"medium":{"width":480,"height":360}},{"thumbnail":{"width":300,"height":300}}]', 'Chrysanthemum.jpg', NULL, NULL, '2016-07-28 07:50:26', '2016-07-28 07:50:26'),
(92, NULL, '[{"full":{"width":1024,"height":768}},{"medium":{"width":480,"height":360}},{"thumbnail":{"width":300,"height":300}}]', 'Tulips1.jpg', NULL, NULL, '2016-07-28 07:52:19', '2016-07-28 07:52:19'),
(93, NULL, '[{"full":{"width":1024,"height":768}},{"medium":{"width":480,"height":360}},{"thumbnail":{"width":300,"height":300}}]', 'Tulips2.jpg', NULL, NULL, '2016-07-28 07:54:26', '2016-07-28 07:54:26'),
(94, NULL, '[{"full":{"width":1024,"height":768}},{"medium":{"width":480,"height":360}},{"thumbnail":{"width":300,"height":300}}]', 'Jellyfish1.jpg', NULL, NULL, '2016-07-28 08:04:35', '2016-07-28 08:04:35'),
(95, NULL, '[{"full":{"width":1024,"height":768}},{"medium":{"width":480,"height":360}},{"thumbnail":{"width":300,"height":300}}]', 'Tulips3.jpg', NULL, NULL, '2016-07-28 09:25:34', '2016-07-28 09:25:34'),
(96, NULL, '[{"full":{"width":1024,"height":768}},{"medium":{"width":480,"height":360}},{"thumbnail":{"width":300,"height":300}}]', 'Tulips4.jpg', NULL, NULL, '2016-07-28 09:26:58', '2016-07-28 09:26:58'),
(97, NULL, '[{"full":{"width":1600,"height":900}},{"medium":{"width":480,"height":270}}]', 'looking_up_at_buildings-wallpaper-1600x900.jpg', NULL, NULL, '2016-07-28 10:15:43', '2016-07-28 10:15:43'),
(98, NULL, '[{"full":{"width":1600,"height":900}},{"medium":{"width":480,"height":270}}]', 'need-more-coffee-1600x900-wallpaper-10270.jpg', NULL, NULL, '2016-07-28 10:18:00', '2016-07-28 10:18:00'),
(99, NULL, '[{"full":{"width":1600,"height":900}},{"medium":{"width":480,"height":270}}]', 'big_brother-wallpaper-1600x900.jpg', NULL, NULL, '2016-07-28 10:22:42', '2016-07-28 10:22:42'),
(100, NULL, '[{"full":{"width":1600,"height":900}},{"medium":{"width":480,"height":270}}]', 'need-more-coffee-1600x900-wallpaper-102701.jpg', NULL, NULL, '2016-07-28 10:33:50', '2016-07-28 10:33:50'),
(101, NULL, '[{"full":{"width":1920,"height":1080}},{"large":{"width":1024,"height":576}},{"medium":{"width":480,"height":270}}]', 'Screen Shot 2016-07-28 at 3.29.57 PM.png', NULL, NULL, '2016-07-28 10:34:58', '2016-07-28 10:34:58'),
(102, NULL, '[{"full":{"width":1600,"height":900}},{"medium":{"width":480,"height":270}}]', 'need-more-coffee-1600x900-wallpaper-102702.jpg', NULL, NULL, '2016-07-28 10:37:01', '2016-07-28 10:37:01'),
(103, NULL, '[{"full":{"width":1024,"height":768}},{"medium":{"width":480,"height":360}},{"thumbnail":{"width":300,"height":300}}]', 'Koala.jpg', NULL, NULL, '2016-07-28 11:21:28', '2016-07-28 11:21:28'),
(104, NULL, '[{"full":{"width":1024,"height":768}},{"medium":{"width":480,"height":360}},{"thumbnail":{"width":300,"height":300}}]', 'Koala1.jpg', NULL, NULL, '2016-07-28 11:22:27', '2016-07-28 11:22:27'),
(105, NULL, '[{"full":{"width":1918,"height":931}},{"medium":{"width":480,"height":233}}]', 'settings.png', NULL, NULL, '2016-07-28 11:31:22', '2016-07-28 11:31:22'),
(106, NULL, '[{"full":{"width":1920,"height":1080}},{"large":{"width":1024,"height":576}},{"medium":{"width":480,"height":270}}]', 'Screen Shot 2016-07-28 at 3.29.57 PM1.png', NULL, NULL, '2016-07-28 11:36:56', '2016-07-28 11:36:56'),
(107, NULL, '[{"full":{"width":1600,"height":900}},{"medium":{"width":480,"height":270}}]', 'big_brother-wallpaper-1600x9001.jpg', NULL, NULL, '2016-07-28 12:05:52', '2016-07-28 12:05:52'),
(108, NULL, '[{"full":{"width":750,"height":1334}},{"medium":{"width":270,"height":480}}]', 'Notification not sent.jpg', NULL, NULL, '2016-07-28 12:08:16', '2016-07-28 12:08:16'),
(109, NULL, '[{"full":{"width":1366,"height":768}},{"medium":{"width":480,"height":270}}]', 'Windows 8.1 firefox Toos apply.png', NULL, NULL, '2016-07-28 12:11:47', '2016-07-28 12:11:47'),
(111, NULL, '[{"full":{"width":1600,"height":900}},{"medium":{"width":480,"height":270}}]', 'need-more-coffee-1600x900-wallpaper-102704.jpg', NULL, NULL, '2016-07-28 12:34:28', '2016-07-28 12:34:28'),
(112, NULL, '[{"full":{"width":1024,"height":768}},{"medium":{"width":480,"height":360}},{"thumbnail":{"width":300,"height":300}}]', 'Desert1.jpg', NULL, NULL, '2016-07-28 12:53:10', '2016-07-28 12:53:10'),
(113, NULL, '[{"full":{"width":259,"height":194}}]', 'garfield4.jpg', NULL, NULL, '2016-07-28 14:02:27', '2016-07-28 14:02:27'),
(114, NULL, '[{"full":{"width":1280,"height":960}},{"medium":{"width":480,"height":360}},{"thumbnail":{"width":300,"height":300}}]', 'image.jpeg', NULL, NULL, '2016-07-28 14:46:54', '2016-07-28 14:46:54'),
(115, NULL, '[{"full":{"width":1080,"height":1920}},{"large":{"width":576,"height":1024}},{"medium":{"width":270,"height":480}}]', 'Screenshot_2016-07-28-11-08-37.png', NULL, NULL, '2016-07-28 15:09:01', '2016-07-28 15:09:01'),
(116, NULL, '[{"full":{"width":3264,"height":2448}},{"large":{"width":1024,"height":768}},{"medium":{"width":480,"height":360}},{"thumbnail":{"width":300,"height":300}}]', 'image.jpg', NULL, NULL, '2016-07-28 17:13:46', '2016-07-28 17:13:46'),
(118, NULL, '[{"full":{"width":500,"height":500}},{"medium":{"width":480,"height":480}},{"thumbnail":{"width":300,"height":300}}]', 'pink-birthday-cake-for-Sadia.jpg', NULL, NULL, '2016-07-29 05:05:54', '2016-07-29 05:05:54'),
(119, NULL, '[{"full":{"width":640,"height":1136}},{"medium":{"width":270,"height":480}}]', 'image1.jpeg', NULL, NULL, '2016-07-29 05:46:13', '2016-07-29 05:46:13'),
(120, NULL, '[{"full":{"width":3264,"height":2448}},{"large":{"width":1024,"height":768}},{"medium":{"width":480,"height":360}},{"thumbnail":{"width":300,"height":300}}]', 'image2.jpeg', NULL, NULL, '2016-07-29 07:41:28', '2016-07-29 07:41:28'),
(121, NULL, '[{"full":{"width":1366,"height":768}},{"medium":{"width":480,"height":270}}]', 'Screen Shot 2016-05-05 at 1.31.14 pm.png', NULL, NULL, '2016-07-29 09:11:29', '2016-07-29 09:11:29'),
(122, NULL, '[{"full":{"width":1024,"height":768}},{"medium":{"width":480,"height":360}},{"thumbnail":{"width":300,"height":300}}]', 'Koala2.jpg', NULL, NULL, '2016-07-29 09:49:58', '2016-07-29 09:49:58'),
(123, NULL, '[{"full":{"width":1024,"height":768}},{"medium":{"width":480,"height":360}},{"thumbnail":{"width":300,"height":300}}]', 'Desert2.jpg', NULL, NULL, '2016-07-29 09:55:49', '2016-07-29 09:55:49'),
(124, NULL, '[{"full":{"width":1024,"height":768}},{"medium":{"width":480,"height":360}},{"thumbnail":{"width":300,"height":300}}]', 'Lighthouse.jpg', NULL, NULL, '2016-07-29 09:58:15', '2016-07-29 09:58:15'),
(125, NULL, '[{"full":{"width":1024,"height":768}},{"medium":{"width":480,"height":360}},{"thumbnail":{"width":300,"height":300}}]', 'Desert3.jpg', NULL, NULL, '2016-07-29 11:05:38', '2016-07-29 11:05:38'),
(126, NULL, '[{"full":{"width":600,"height":1024}},{"medium":{"width":281,"height":480}}]', 'Screenshot_2016-07-29-16-07-15.png', NULL, NULL, '2016-07-29 11:08:24', '2016-07-29 11:08:24'),
(127, NULL, '[{"full":{"width":1024,"height":768}},{"medium":{"width":480,"height":360}},{"thumbnail":{"width":300,"height":300}}]', 'Penguins1.jpg', NULL, NULL, '2016-07-29 14:27:11', '2016-07-29 14:27:11'),
(128, NULL, '[{"full":{"width":750,"height":1334}},{"medium":{"width":270,"height":480}}]', 'image.png', NULL, NULL, '2016-07-29 19:26:44', '2016-07-29 19:26:44'),
(129, NULL, '[{"full":{"width":3264,"height":2448}},{"large":{"width":1024,"height":768}},{"medium":{"width":480,"height":360}},{"thumbnail":{"width":300,"height":300}}]', 'image3.jpeg', NULL, NULL, '2016-07-29 19:42:29', '2016-07-29 19:42:29'),
(130, NULL, '[{"full":{"width":3264,"height":2448}},{"large":{"width":1024,"height":768}},{"medium":{"width":480,"height":360}},{"thumbnail":{"width":300,"height":300}}]', 'IMG_2122.jpg', NULL, NULL, '2016-07-30 06:22:17', '2016-07-30 06:22:17'),
(131, NULL, '[{"full":{"width":2048,"height":1536}},{"large":{"width":1024,"height":768}},{"medium":{"width":480,"height":360}},{"thumbnail":{"width":300,"height":300}}]', 'IMG_0007.png', NULL, NULL, '2016-07-30 07:43:11', '2016-07-30 07:43:11'),
(132, NULL, '[{"full":{"width":3264,"height":2448}},{"large":{"width":1024,"height":768}},{"medium":{"width":480,"height":360}},{"thumbnail":{"width":300,"height":300}}]', 'IMG_2124.jpg', NULL, NULL, '2016-07-30 07:45:09', '2016-07-30 07:45:09'),
(133, NULL, '[{"full":{"width":3264,"height":2448}},{"large":{"width":1024,"height":768}},{"medium":{"width":480,"height":360}},{"thumbnail":{"width":300,"height":300}}]', 'IMG_2125.jpg', NULL, NULL, '2016-07-30 07:46:21', '2016-07-30 07:46:21'),
(134, NULL, '[{"full":{"width":2048,"height":1536}},{"large":{"width":1024,"height":768}},{"medium":{"width":480,"height":360}},{"thumbnail":{"width":300,"height":300}}]', 'IMG_00071.png', NULL, NULL, '2016-07-30 07:54:09', '2016-07-30 07:54:09'),
(135, NULL, '[{"full":{"width":841,"height":769}},{"medium":{"width":480,"height":439}},{"thumbnail":{"width":300,"height":300}}]', 'Cooper.jpg', NULL, NULL, '2016-08-02 14:23:49', '2016-08-02 14:23:49'),
(136, NULL, '[{"full":{"width":841,"height":769}},{"medium":{"width":480,"height":439}},{"thumbnail":{"width":300,"height":300}}]', 'Cooper1.jpg', NULL, NULL, '2016-08-02 14:32:45', '2016-08-02 14:32:45'),
(137, NULL, '[{"full":{"width":1024,"height":768}},{"medium":{"width":480,"height":360}},{"thumbnail":{"width":300,"height":300}}]', 'Koala3.jpg', NULL, NULL, '2016-08-02 18:09:35', '2016-08-02 18:09:35'),
(138, NULL, '[{"full":{"width":259,"height":194}}]', 'garfield5.jpg', NULL, NULL, '2016-08-04 14:57:24', '2016-08-04 14:57:24'),
(139, NULL, '[{"full":{"width":259,"height":194}}]', 'garfield6.jpg', NULL, NULL, '2016-08-04 15:02:58', '2016-08-04 15:02:58'),
(140, NULL, '[{"full":{"width":259,"height":194}}]', 'garfield7.jpg', NULL, NULL, '2016-08-04 15:27:32', '2016-08-04 15:27:32'),
(141, NULL, '[{"full":{"width":259,"height":194}}]', 'garfield8.jpg', NULL, NULL, '2016-08-04 15:34:15', '2016-08-04 15:34:15'),
(142, NULL, '[{"full":{"width":259,"height":194}}]', 'garfield9.jpg', NULL, NULL, '2016-08-04 15:37:15', '2016-08-04 15:37:15'),
(143, NULL, '[{"full":{"width":259,"height":194}}]', 'garfield10.jpg', NULL, NULL, '2016-08-04 15:39:10', '2016-08-04 15:39:10'),
(144, NULL, '[{"full":{"width":259,"height":194}}]', 'garfield11.jpg', NULL, NULL, '2016-08-04 15:42:47', '2016-08-04 15:42:47'),
(145, NULL, '[{"full":{"width":190,"height":135}}]', 'WEEK 3 - Write Around The World.png', NULL, NULL, '2016-08-04 15:47:53', '2016-08-04 15:47:53'),
(146, NULL, '[{"full":{"width":190,"height":135}}]', 'WEEK 6 - School''s Out.png', NULL, NULL, '2016-08-04 15:49:00', '2016-08-04 15:49:00'),
(149, NULL, '[{"full":{"width":500,"height":500}},{"medium":{"width":480,"height":480}},{"thumbnail":{"width":300,"height":300}}]', 'PU_4FR_500.jpg', NULL, NULL, '2016-08-05 19:19:35', '2016-08-05 19:19:35'),
(150, NULL, '[{"full":{"width":700,"height":640}},{"medium":{"width":480,"height":439}},{"thumbnail":{"width":300,"height":300}}]', 'PU_4EN_700.png', NULL, NULL, '2016-08-05 19:21:28', '2016-08-05 19:21:28'),
(151, NULL, '[{"full":{"width":700,"height":640}},{"medium":{"width":480,"height":439}},{"thumbnail":{"width":300,"height":300}}]', 'PU_4EN_7001.png', NULL, NULL, '2016-08-05 19:21:46', '2016-08-05 19:21:46'),
(152, NULL, '[{"full":{"width":190,"height":135}}]', 'WEEK 2 - When I Grow Up.png', NULL, NULL, '2016-08-08 18:05:53', '2016-08-08 18:05:53'),
(153, NULL, '[{"full":{"width":190,"height":135}}]', 'WEEK 5 - Read Between The Lines1.png', NULL, NULL, '2016-08-08 18:07:04', '2016-08-08 18:07:04');

-- --------------------------------------------------------

--
-- Table structure for table `bic_ffyw_auth_assignment`
--

CREATE TABLE IF NOT EXISTS `bic_ffyw_auth_assignment` (
  `item_name` varchar(64) COLLATE utf8_unicode_ci NOT NULL,
  `user_id` varchar(64) COLLATE utf8_unicode_ci NOT NULL,
  `created_at` int(11) DEFAULT NULL
) ENGINE=InnoDB DEFAULT CHARSET=utf8 COLLATE=utf8_unicode_ci;

--
-- Dumping data for table `bic_ffyw_auth_assignment`
--

INSERT INTO `bic_ffyw_auth_assignment` (`item_name`, `user_id`, `created_at`) VALUES
('administrator', '1', 1468860265),
('administrator', '12', 1469160376),
('administrator', '13', 1469160541),
('administrator', '14', 1469160625),
('administrator', '15', 1469160745),
('administrator', '2', 1468860265),
('administrator', '22', 1469636257),
('administrator', '23', 1469637632),
('standard-member', '10', 1468899120),
('standard-member', '11', 1468899199),
('standard-member', '16', 1469529064),
('standard-member', '17', 1469529368),
('standard-member', '18', 1469614702),
('standard-member', '19', 1469614872),
('standard-member', '20', 1469615661),
('standard-member', '21', 1469619446),
('standard-member', '24', 1469680485),
('standard-member', '25', 1469685312),
('standard-member', '26', 1469686504),
('standard-member', '27', 1469686727),
('standard-member', '28', 1469687039),
('standard-member', '29', 1469688194),
('standard-member', '3', 1468860453),
('standard-member', '30', 1469691119),
('standard-member', '31', 1469697934),
('standard-member', '32', 1469700943),
('standard-member', '33', 1469701079),
('standard-member', '34', 1469702029),
('standard-member', '35', 1469702094),
('standard-member', '36', 1469704887),
('standard-member', '37', 1469707552),
('standard-member', '38', 1469707696),
('standard-member', '39', 1469710390),
('standard-member', '4', 1468883586),
('standard-member', '40', 1469714547),
('standard-member', '41', 1469726023),
('standard-member', '42', 1469768754),
('standard-member', '43', 1469783488),
('standard-member', '44', 1469790338),
('standard-member', '45', 1469790503),
('standard-member', '46', 1469802430),
('standard-member', '47', 1469820023),
('standard-member', '48', 1469820139),
('standard-member', '49', 1469860500),
('standard-member', '5', 1468883650),
('standard-member', '50', 1469863459),
('standard-member', '51', 1470147829),
('standard-member', '52', 1470161374),
('standard-member', '53', 1470325673),
('standard-member', '54', 1470408470),
('standard-member', '55', 1470679624),
('standard-member', '6', 1468883749),
('standard-member', '7', 1468891258),
('standard-member', '8', 1468891535),
('standard-member', '9', 1468898931);

-- --------------------------------------------------------

--
-- Table structure for table `bic_ffyw_auth_item`
--

CREATE TABLE IF NOT EXISTS `bic_ffyw_auth_item` (
  `name` varchar(64) COLLATE utf8_unicode_ci NOT NULL,
  `type` int(11) NOT NULL,
  `description` text COLLATE utf8_unicode_ci,
  `rule_name` varchar(64) COLLATE utf8_unicode_ci DEFAULT NULL,
  `data` text COLLATE utf8_unicode_ci,
  `created_at` int(11) DEFAULT NULL,
  `updated_at` int(11) DEFAULT NULL
) ENGINE=InnoDB DEFAULT CHARSET=utf8 COLLATE=utf8_unicode_ci;

--
-- Dumping data for table `bic_ffyw_auth_item`
--

INSERT INTO `bic_ffyw_auth_item` (`name`, `type`, `description`, `rule_name`, `data`, `created_at`, `updated_at`) VALUES
('administrator', 1, NULL, NULL, NULL, 1468860265, 1468860265),
('backend-login', 2, 'Login to backend', NULL, NULL, 1468860265, 1468860265),
('standard-member', 1, NULL, NULL, NULL, 1468860265, 1468860265);

-- --------------------------------------------------------

--
-- Table structure for table `bic_ffyw_auth_item_child`
--

CREATE TABLE IF NOT EXISTS `bic_ffyw_auth_item_child` (
  `parent` varchar(64) COLLATE utf8_unicode_ci NOT NULL,
  `child` varchar(64) COLLATE utf8_unicode_ci NOT NULL
) ENGINE=InnoDB DEFAULT CHARSET=utf8 COLLATE=utf8_unicode_ci;

--
-- Dumping data for table `bic_ffyw_auth_item_child`
--

INSERT INTO `bic_ffyw_auth_item_child` (`parent`, `child`) VALUES
('administrator', 'backend-login'),
('administrator', 'standard-member');

-- --------------------------------------------------------

--
-- Table structure for table `bic_ffyw_auth_rule`
--

CREATE TABLE IF NOT EXISTS `bic_ffyw_auth_rule` (
  `name` varchar(64) COLLATE utf8_unicode_ci NOT NULL,
  `data` text COLLATE utf8_unicode_ci,
  `created_at` int(11) DEFAULT NULL,
  `updated_at` int(11) DEFAULT NULL
) ENGINE=InnoDB DEFAULT CHARSET=utf8 COLLATE=utf8_unicode_ci;

--
-- Dumping data for table `bic_ffyw_auth_rule`
--

INSERT INTO `bic_ffyw_auth_rule` (`name`, `data`, `created_at`, `updated_at`) VALUES
('isAuthor', 'O:36:"common\\enpii\\components\\NpAuthorRule":3:{s:4:"name";s:8:"isAuthor";s:9:"createdAt";i:1468860265;s:9:"updatedAt";i:1468860265;}', 1468860265, 1468860265);

-- --------------------------------------------------------

--
-- Table structure for table `bic_ffyw_code_block_item`
--

CREATE TABLE IF NOT EXISTS `bic_ffyw_code_block_item` (
  `id` int(11) NOT NULL,
  `code` varchar(255) COLLATE utf8_unicode_ci DEFAULT NULL,
  `content` text COLLATE utf8_unicode_ci
) ENGINE=InnoDB AUTO_INCREMENT=5 DEFAULT CHARSET=utf8 COLLATE=utf8_unicode_ci;

--
-- Dumping data for table `bic_ffyw_code_block_item`
--

INSERT INTO `bic_ffyw_code_block_item` (`id`, `code`, `content`) VALUES
(1, 'ga-code', '<script>\r\n  (function(i,s,o,g,r,a,m){i[''GoogleAnalyticsObject'']=r;i[r]=i[r]||function(){\r\n  (i[r].q=i[r].q||[]).push(arguments)},i[r].l=1*new Date();a=s.createElement(o),\r\n  m=s.getElementsByTagName(o)[0];a.async=1;a.src=g;m.parentNode.insertBefore(a,m)\r\n  })(window,document,''script'',''https://www.google-analytics.com/analytics.js'',''ga'');\r\n\r\n  ga(''create'', ''UA-64247209-1'', ''auto'');\r\n  ga(''send'', ''pageview'');\r\n\r\n</script>'),
(2, 'analytics-id', 'ga:104012318'),
(3, 'service-account-name', '35226049920-dhfa4qa40noimn0klufkqrddjsk1s6rc@developer.gserviceaccount.com'),
(4, 'client-id', '64247209.apps.googleusercontent.com');

-- --------------------------------------------------------

--
-- Table structure for table `bic_ffyw_contest_item`
--

CREATE TABLE IF NOT EXISTS `bic_ffyw_contest_item` (
  `id` int(11) NOT NULL,
  `start_date` datetime DEFAULT NULL,
  `end_date` datetime DEFAULT NULL,
  `title` varchar(255) DEFAULT NULL,
  `description` text,
  `attachment_id` int(11) DEFAULT NULL,
  `locale_id` int(11) DEFAULT '1',
  `popup_id` int(11) DEFAULT NULL,
  `parent_id` int(11) DEFAULT NULL,
  `week_number` int(11) DEFAULT NULL
) ENGINE=InnoDB AUTO_INCREMENT=25 DEFAULT CHARSET=utf8;

--
-- Dumping data for table `bic_ffyw_contest_item`
--

INSERT INTO `bic_ffyw_contest_item` (`id`, `start_date`, `end_date`, `title`, `description`, `attachment_id`, `locale_id`, `popup_id`, `parent_id`, `week_number`) VALUES
(1, '2016-08-05 04:00:00', '2016-08-16 03:59:59', 'Ask your child what THEY would do if they were a principal for a day...', 'It’s the future and your child is the head of their school. The possibilities are endless! Ask your child to complete the following sentence and upload a photo of their handwritten response: "If I were principal for a day…" ', NULL, 1, NULL, NULL, 1),
(2, '2016-08-16 04:00:01', '2016-08-23 03:59:59', 'Ask your child what they want to be when they grow up…', 'Your kids are more likely to achieve their goals if they write them down, whether that’s a doctor, a rock star, an astronaut, or a professional baseball player! Ask your child to complete the following sentence and upload a photo of their handwritten response: "When I grow up, I want to…" ', NULL, 1, NULL, NULL, 2),
(3, '2016-08-23 04:00:01', '2016-08-30 03:59:59', 'Ask your child to write out "I love handwriting" in 3 languages', 'No matter where you go, handwriting will always be important. Ask your child to write out “I love handwriting” in three different languages and upload a photo of their handwritten response!', NULL, 1, NULL, NULL, 3),
(4, '2016-08-30 04:00:01', '2016-09-06 03:59:59', 'Ask your child to include these 10 words in their next story', 'Creativity is key! Ask your child to include these 10 words in their next story and upload a photo of their masterpiece!', NULL, 1, 59, NULL, 4),
(5, '2016-09-06 04:00:01', '2016-09-13 03:59:59', ' Click the image to enlarge and ask your child to transcribe the handwritten message', 'Good penmanship is important. Click the image to enlarge and ask your child to transcribe the handwritten message, then submit a photo of their handwritten response.', NULL, 1, 150, NULL, 5),
(6, '2016-09-13 04:00:00', '2016-09-20 03:59:59', 'Ask your child what is the first thing they would do when school finishes', 'It''s the last day of school and the bell just rang! Ask your child what is the first thing they would do when school finishes and upload a photo of their handwritten response!', NULL, 1, NULL, NULL, 6),
(7, '2016-08-05 04:00:00', '2016-08-16 03:59:59', 'Demandez à votre enfant ce qu''il ferait s''il était directeur pour une journée...', 'Vous êtes dans le futur et votre enfant est le directeur de son école. Les possibilités sont infinies! Demandez à votre enfant de compléter la phrase suivante et téléchargez une photo de sa réponse écrite à la main : « Si j''étais directeur ou directrice pour une journée... »', NULL, 3, NULL, 24, 1),
(8, '2016-08-16 04:00:01', '2016-08-23 03:59:59', 'Demandez à votre enfant ce qu''il veut être lorsqu''il sera grand!', 'Vos enfants ont plus de chances d''atteindre leurs objectifs s''ils les écrivent, qu''il s''agisse de devenir médecin, vedette de rock, astronaute ou joueur de baseball professionnel! Demandez à votre enfant de compléter la phrase suivante et téléchargez une photo de sa réponse écrite à la main : « Lorsque je serai grand, je veux... »', NULL, 3, NULL, 2, 2),
(9, '2016-08-23 04:00:01', '2016-08-30 03:59:59', 'Demandez à votre enfant d''écrire à la main « J''aime écrire à la main » dans trois langues différentes ', 'Demandez à votre enfant d''écrire à la main « J''aime écrire à la main » dans trois langues différentes et téléchargez une photo de sa réponse écrite à la main!', NULL, 3, NULL, 3, 3),
(10, '2016-08-30 04:00:01', '2016-09-06 03:59:59', 'Demandez à votre enfant d''inclure ces 10 mots dans sa prochaine histoire', 'La créativité est la clé!  Demandez à votre enfant d''inclure ces 10 mots dans sa prochaine histoire et téléchargez une photo de son chef d''œuvre!', NULL, 3, 149, 4, 4),
(11, '2016-09-06 04:00:01', '2016-09-13 03:59:59', 'Demandez à votre enfant de transcrire le message', 'Peu importe où vous allez, écrire à la main sera toujours important. Demandez à votre enfant de transcrire le message et envoyez une photo de sa réponse écrite à la main!', NULL, 3, 151, 5, 5),
(12, '2016-09-13 04:00:00', '2016-09-20 03:59:59', 'Demandez à votre enfant quelle est la première chose qu''il fera lorsque l''école sera terminée', 'C''est le dernier jour d''école et la cloche vient juste de sonner! Demandez à votre enfant quelle est la première chose qu''il fera lorsque l''école sera terminée et téléversez une photo de sa réponse écrite à la main.', NULL, 3, NULL, 6, 6);

-- --------------------------------------------------------

--
-- Table structure for table `bic_ffyw_contest_session`
--

CREATE TABLE IF NOT EXISTS `bic_ffyw_contest_session` (
  `id` int(11) NOT NULL,
  `contest_item_id` int(11) DEFAULT NULL,
  `user_id` int(11) DEFAULT NULL,
  `user_email` varchar(255) DEFAULT NULL,
  `first_name` varchar(255) DEFAULT NULL,
  `last_name` varchar(255) DEFAULT NULL,
  `birth_year` datetime DEFAULT NULL,
  `attachment_id` int(11) DEFAULT NULL,
  `created_at` datetime NOT NULL,
  `updated_at` datetime NOT NULL,
  `published_at` datetime DEFAULT NULL,
  `creator_id` int(11) NOT NULL,
  `is_deleted` tinyint(1) DEFAULT '0',
  `is_enabled` tinyint(1) DEFAULT '1',
  `ordering_weight` int(11) DEFAULT NULL,
  `params` text,
  `accepted` int(11) DEFAULT '0',
  `is_winner` int(11) DEFAULT '0'
) ENGINE=InnoDB AUTO_INCREMENT=13 DEFAULT CHARSET=utf8;

-- --------------------------------------------------------

--
-- Table structure for table `bic_ffyw_locale`
--

CREATE TABLE IF NOT EXISTS `bic_ffyw_locale` (
  `id` int(11) NOT NULL,
  `locale` varchar(255) COLLATE utf8_unicode_ci DEFAULT NULL
) ENGINE=InnoDB AUTO_INCREMENT=4 DEFAULT CHARSET=utf8 COLLATE=utf8_unicode_ci;

--
-- Dumping data for table `bic_ffyw_locale`
--

INSERT INTO `bic_ffyw_locale` (`id`, `locale`) VALUES
(1, 'en'),
(3, 'fr');

-- --------------------------------------------------------

--
-- Table structure for table `bic_ffyw_migration`
--

CREATE TABLE IF NOT EXISTS `bic_ffyw_migration` (
  `version` varchar(180) NOT NULL,
  `apply_time` int(11) DEFAULT NULL
) ENGINE=InnoDB DEFAULT CHARSET=utf8;

--
-- Dumping data for table `bic_ffyw_migration`
--

INSERT INTO `bic_ffyw_migration` (`version`, `apply_time`) VALUES
('m000000_000000_base', 1468860261),
('m130524_201442_init', 1468860264),
('m160310_045314_rbac_init', 1468860264),
('m160310_045804_user_profile', 1468860264),
('m160310_045911_insert_user', 1468860265),
('m160709_105722_insert_rbac', 1468860265),
('m160712_061238_create_attachment', 1468860265),
('m160712_061239_create_contest_item', 1468860265),
('m160712_065023_create_contest_session', 1468860265),
('m160716_011907_add_accepted_to_contest_session', 1468860265),
('m160718_094225_create_page_item', 1468860265),
('m160718_095418_create_locale', 1468860265),
('m160721_072619_add_contest_item', 1469090444),
('m160723_032445_add_field_is_winner', 1469244973),
('m160724_114704_code_block_item', 1469362373);

-- --------------------------------------------------------

--
-- Table structure for table `bic_ffyw_page_item`
--

CREATE TABLE IF NOT EXISTS `bic_ffyw_page_item` (
  `id` int(11) NOT NULL,
  `name` varchar(255) COLLATE utf8_unicode_ci NOT NULL,
  `slug` varchar(255) COLLATE utf8_unicode_ci NOT NULL,
  `code` varchar(255) COLLATE utf8_unicode_ci DEFAULT NULL,
  `description` text COLLATE utf8_unicode_ci,
  `locale_id` varchar(255) COLLATE utf8_unicode_ci DEFAULT NULL,
  `created_at` datetime NOT NULL,
  `updated_at` datetime NOT NULL,
  `published_at` datetime DEFAULT NULL,
  `creator_id` int(11) NOT NULL,
  `is_deleted` tinyint(1) DEFAULT '0',
  `is_enabled` tinyint(1) DEFAULT '1',
  `ordering_weight` int(11) DEFAULT NULL,
  `params` text COLLATE utf8_unicode_ci
) ENGINE=InnoDB AUTO_INCREMENT=59 DEFAULT CHARSET=utf8 COLLATE=utf8_unicode_ci;

--
-- Dumping data for table `bic_ffyw_page_item`
--

INSERT INTO `bic_ffyw_page_item` (`id`, `name`, `slug`, `code`, `description`, `locale_id`, `created_at`, `updated_at`, `published_at`, `creator_id`, `is_deleted`, `is_enabled`, `ordering_weight`, `params`) VALUES
(1, 'Contest Prizes', 'prize-details', 'prize-details', '<p>One (1) Grand Prize Contest winner will receive $5,000; prize will be awarded as a cheque.</p>\r\n<p>Six (6) Weekly Prize Contest Winners will receive a $150 gift card (from a National Retailer) and a BIC Product Prize pack valued at $50.00 each.</p>\r\n<p><a title="Click here for Official Rules" href="/bic-ffyw/page/official-rules">Click here for Official Rules</a></p>', '1', '2016-07-20 11:25:43', '2016-07-20 11:25:43', '2016-07-20 11:25:43', 1, 0, 1, NULL, NULL),
(2, 'PRIX DU CONCOURS', 'prize-details', 'prize-details', '<p>Un (1) gagnant du grand prix du concours recevra 5&nbsp;000&nbsp;$, remis sous forme de ch&egrave;que.</p>\r\n<p>Six (6) gagnants du concours hebdomadaire remporteront une carte-cadeau de 150 $ (d''un d&eacute;taillant national) et un lot de produits BIC d''une valeur de 50 $ chacun.</p>\r\n<p><a title="R&egrave;glements officiel" href="/bic-ffyw/fr/page/official-rules">Cliqez ici pour le r&egrave;glement officiel</a></p>', '3', '2016-07-20 11:26:35', '2016-07-20 11:26:35', '2016-07-20 11:26:35', 1, 0, 1, NULL, NULL),
(3, 'Tip 1', 'tip-1', 'tip-1', '<p>Reduce emails and connect with family and friends by sending them handwritten notes and birthday cards throughout the year.</p>', '1', '2016-07-22 09:15:07', '2016-07-22 09:15:07', '2016-07-22 09:15:07', 1, 0, 1, NULL, NULL),
(4, 'Tip 1', 'tip-1', 'tip-1', '<p>R&eacute;duisez le nombre de courriels avec la famille et les amis en leur envoyant des notes &eacute;crites &agrave; la main et des cartes de naissance au cours de l&rsquo;ann&eacute;e.</p>', '3', '2016-07-22 09:15:54', '2016-07-22 09:15:54', '2016-07-22 09:15:54', 1, 0, 1, NULL, NULL),
(5, 'Tip 2', 'tip-2', 'tip-2', '<p>Handwrite a letter together as a family, describing where you hope to be in five years. It&rsquo;s a great keepsake to look back at your children&rsquo;s handwriting and how it has progressed&nbsp;</p>', '1', '2016-07-22 09:30:58', '2016-07-22 09:30:58', '2016-07-22 09:30:58', 1, 0, 1, NULL, NULL),
(6, 'Tip 2', 'tip-2', 'tip-2', '<p>&Eacute;crivez &agrave; la main une lettre &agrave; titre de projet en famille, en d&eacute;crivant o&ugrave; vous voulez vous rendre dans l&rsquo;espace de cinq ans. Cela vous fournira un superbe souvenir &agrave; lire r&eacute;trospectivement &agrave; l&rsquo;avenir et vous pourrez voir les progr&egrave;s de l&rsquo;&eacute;criture &agrave; la main de vos enfants.</p>', '3', '2016-07-22 09:31:20', '2016-07-22 09:31:20', '2016-07-22 09:31:20', 1, 0, 1, NULL, NULL),
(7, 'Tip 3', 'tip-3', 'tip-3', '<p>Encourage parents and grandparents to handwrite their children/ grandchildren&rsquo;s favourite story in a journal as a keepsake for when the children get older.</p>', '1', '2016-07-22 09:32:42', '2016-07-22 09:32:42', '2016-07-22 09:32:42', 1, 0, 1, NULL, NULL),
(8, 'Tip 3', 'tip-3', 'tip-3', '<p>Encouragez les parents et les grands-parents &agrave; consigner dans un journal des histoires favourites &agrave; propos de leurs enfants ou petits-enfants comme souvenir &agrave; c&eacute;l&eacute;brer quand les enfants seront plus grands.</p>', '3', '2016-07-22 09:33:07', '2016-07-22 09:33:07', '2016-07-22 09:33:07', 1, 0, 1, NULL, NULL),
(9, 'Tip 4', 'tip-4', 'tip-4', '<p>Include a handwritten note in your spouse&rsquo;s suitcase before a business trip and your child&rsquo;s lunchbox or overnight bag for their first sleepover.</p>', '1', '2016-07-22 09:33:45', '2016-07-22 09:33:45', '2016-07-22 09:33:45', 1, 0, 1, NULL, NULL),
(11, 'Tip 5', 'tip-5', 'tip-5', '<p>Why wait until Valentine&rsquo;s Day? &nbsp;Write a love note to your loved one &ndash; a personal way to show how much you care.</p>', '1', '2016-07-22 09:35:48', '2016-07-22 09:35:48', '2016-07-22 09:35:48', 1, 0, 1, NULL, NULL),
(12, 'Tip 5', 'tip-5', 'tip-5', '<p>Pourquoi attendre jusqu''&agrave; la Saint-Valentin? &Eacute;crivez un mot d''amour &agrave; votre bien-aim&eacute;(e) pour lui montrer de mani&egrave;re personnelle combien il/elle vous est cher/ch&egrave;re.</p>', '3', '2016-07-22 09:36:18', '2016-07-22 09:36:18', '2016-07-22 09:36:18', 1, 0, 1, NULL, NULL),
(13, 'Tip 6', 'tip-6', 'tip-6', '<p>Stay connected during family vacations and send postcards to loved ones so they know you were thinking of them and sharing your vacation memories</p>', '1', '2016-07-22 09:36:58', '2016-07-22 09:36:58', '2016-07-22 09:36:58', 1, 0, 1, NULL, NULL),
(14, 'Tip 6', 'tip-6', 'tip-6', '<p>Restez en communication pendant les vacances familiales&nbsp;: envoyez des cartes postales &agrave; vos proches pour qu&rsquo;ils savent que vous pensez &agrave; eux et pour partager des souvenirs de vacances.</p>', '3', '2016-07-22 09:37:44', '2016-07-22 09:37:44', '2016-07-22 09:37:44', 1, 0, 1, NULL, NULL),
(15, 'Tip 7', 'tip-7', 'tip-7', '<p>Start a diary or journal to record memorable occasions. Try and write daily about little anecdotes about your day.&nbsp;</p>', '1', '2016-07-22 09:39:44', '2016-07-22 09:39:44', '2016-07-22 09:39:44', 1, 0, 1, NULL, NULL),
(16, 'Tip 7', 'tip-7', 'tip-7', '<p>Commencez &agrave; tenir un journal pour documenter les occasions m&eacute;morables. Essayez de noter chaque jour les petites anecdotes sur votre journ&eacute;e.</p>', '3', '2016-07-22 09:40:58', '2016-07-22 09:40:58', '2016-07-22 09:40:58', 1, 0, 1, NULL, NULL),
(17, 'Tip 8', 'tip-8', 'tip-8', '<p>Keep a pen and pad of paper by your bed at night. Write down any ideas you have through the night so you can clear your mind and have restful, worry-free sleep.</p>', '1', '2016-07-22 09:41:47', '2016-07-22 09:41:47', '2016-07-22 09:41:47', 1, 0, 1, NULL, NULL),
(18, 'Tip 8', 'tip-8', 'tip-8', '<p>La nuit, gardez un stylo et un bloc-notes &agrave; votre chevet. Notez toutes les id&eacute;es qui vous viennent &agrave; l&rsquo;esprit durant la nuit pour vous lib&eacute;rer l''esprit et avoir un sommeil r&eacute;parateur sans soucis.</p>', '3', '2016-07-22 09:43:23', '2016-07-22 09:43:23', '2016-07-22 09:43:23', 1, 0, 1, NULL, NULL),
(19, 'Tip 9', 'tip-9', 'tip-9', '<p>Set aside specific times during the week for writing stories, songs or even jokes. Let your kids use their imaginations.</p>', '1', '2016-07-22 09:44:06', '2016-07-22 09:44:06', '2016-07-22 09:44:06', 1, 0, 1, NULL, NULL),
(20, 'Tip 9', 'tip-9', 'tip-9', '<p>R&eacute;servez des temps sp&eacute;cifiques durant la semaine pour &eacute;crire des histoires, des chansons ou des farces. Encouragez vos enfants &agrave; donner libre cours &agrave; leur imagination!&nbsp;</p>', '3', '2016-07-22 09:45:33', '2016-07-22 09:45:33', '2016-07-22 09:45:33', 1, 0, 1, NULL, NULL),
(21, 'Tip 10', 'tip-10', 'tip-10', '<p>Have an assortment of colorful pens, pencils and markers on hand that will make kids want to spend more time writing.</p>', '1', '2016-07-22 09:47:27', '2016-07-22 09:47:27', '2016-07-22 09:47:27', 1, 0, 1, NULL, NULL),
(22, 'Tip 10', 'tip-10', 'tip-10', '<p>Assurez-vous de disposer d&rsquo;une vari&eacute;t&eacute; de stylos, de crayons et de marqueurs color&eacute;s pour inspirer les jeunes &agrave; consacrer plus de temps &agrave; l''&eacute;criture.</p>', '3', '2016-07-22 09:49:16', '2016-07-22 09:49:16', '2016-07-22 09:49:16', 1, 0, 1, NULL, NULL),
(23, 'Tip 11', 'tip-11', 'tip-11', '<p>Make writing special for kids with their own personal table, desk, or designated area. Get them excited about their own writing space!</p>', '1', '2016-07-22 09:50:06', '2016-07-22 09:50:06', '2016-07-22 09:50:06', 1, 0, 1, NULL, NULL),
(24, 'Tip 11', 'tip-11', 'tip-11', '<p>Faites de l&rsquo;&eacute;criture une activit&eacute; sp&eacute;ciale pour les enfants en donnant &agrave; chacun sa propre table, son propre pupitre ou son endroit d&eacute;sign&eacute;. Suscitez leur enthousiasme d&rsquo;avoir un espace d&rsquo;&eacute;criture personnel!</p>', '3', '2016-07-22 09:50:58', '2016-07-22 09:50:58', '2016-07-22 09:50:58', 1, 0, 1, NULL, NULL),
(25, 'Tip 12', 'tip-12', 'tip-12', '<p>Give kids a fun assignment that requires them to write. Make a birthday wish list or write a letter to someone famous.</p>', '1', '2016-07-22 09:52:01', '2016-07-22 09:52:01', '2016-07-22 09:52:01', 1, 0, 1, NULL, NULL),
(26, 'Tip 12', 'tip-12', 'tip-12', '<p>Donnez aux enfants un travail d&rsquo;&eacute;criture amusant &agrave; ex&eacute;cuter, comme, par exemple, la r&eacute;daction d&rsquo;une liste de souhaits pour leur f&ecirc;te ou d&rsquo;une lettre &agrave; une personnalit&eacute; c&eacute;l&egrave;bre.&nbsp;</p>', '3', '2016-07-22 09:54:14', '2016-07-22 09:54:14', '2016-07-22 09:54:14', 1, 0, 1, NULL, NULL),
(27, 'Tip 13', 'tip-13', 'tip-13', '<p>Make up games around writing. Have your kids practice signing their autographs to give to mom or dad.&nbsp;</p>', '1', '2016-07-22 09:55:19', '2016-07-22 09:55:19', '2016-07-22 09:55:19', 1, 0, 1, NULL, NULL),
(28, 'Tip 13', 'tip-13', 'tip-13', '<p>Inventez des jeux d&rsquo;&eacute;criture. Les jeunes peuvent se pratiquer &agrave; signer leur autographe pour la donner &agrave; Maman ou &agrave; Papa.</p>', '3', '2016-07-22 09:56:39', '2016-07-22 09:56:39', '2016-07-22 09:56:39', 1, 0, 1, NULL, NULL),
(29, 'Tip 14', 'tip-14', 'tip-14', '<p>Create a handwritten list to keep track of all the exciting stuff you want to accomplish in life! &nbsp;Encourage family members to add to the list.</p>', '1', '2016-07-22 09:59:27', '2016-07-22 09:59:27', '2016-07-22 09:59:27', 1, 0, 1, NULL, NULL),
(30, 'Tip 14', 'tip-14', 'tip-14', '<p>Cr&eacute;ez une liste &eacute;crite &agrave; la main pour documenter tous les exploits que vous souhaitez r&eacute;aliser dans la vie. Encouragez les membres de famille &agrave; en ajouter d&rsquo;autres &agrave; la liste.</p>', '3', '2016-07-22 10:01:23', '2016-07-22 10:01:23', '2016-07-22 10:01:23', 1, 0, 1, NULL, NULL),
(31, 'Browser Outdated', 'out-date-browser', 'out-date-browser', '<p>It looks like your browser is outdated. To access this site, you need to use one of the following browsers:</p>\r\n<p>&nbsp;</p>\r\n<ul>\r\n<li>Internet Explorer&reg; 9 or higher</li>\r\n</ul>\r\n<p>&nbsp;</p>\r\n<ul>\r\n<li>Firefox&reg; 45 or higher</li>\r\n</ul>\r\n<p>&nbsp;</p>\r\n<ul>\r\n<li>Google&reg; Chrome 49 or higher</li>\r\n</ul>\r\n<p>&nbsp;</p>\r\n<ul>\r\n<li>Opera&reg; 36&nbsp;or higher</li>\r\n</ul>\r\n<p>&nbsp;</p>\r\n<ul>\r\n<li>Apple&reg; Safari&trade; 6 or higher (Mac)</li>\r\n</ul>\r\n<p>&nbsp;</p>\r\n<p>Please consider upgrading your browser.</p>', '1', '2016-07-24 12:41:16', '2016-07-24 12:41:16', '2016-07-24 12:41:16', 1, 0, 1, NULL, NULL),
(32, 'Version du navigateur obsolète', 'out-date-browser', 'out-date-browser', '<p>Il semble que votre navigateur ne soit plus &agrave; jour. Pour acc&eacute;der &agrave; ce site, vous devez utiliser l&rsquo;une des versions de navigateur suivantes :</p>\r\n<p>&nbsp;</p>\r\n<ul>\r\n<li>Internet Explorer&reg; 9 ou version plus r&eacute;cente</li>\r\n</ul>\r\n<p>&nbsp;</p>\r\n<ul>\r\n<li>Firefox&reg; 45 ou version plus r&eacute;cente</li>\r\n</ul>\r\n<p>&nbsp;</p>\r\n<ul>\r\n<li>Google&reg; Chrome 49 ou version plus r&eacute;cente</li>\r\n</ul>\r\n<p>&nbsp;</p>\r\n<ul>\r\n<li>Opera&reg; 36&nbsp;ou version plus r&eacute;cente</li>\r\n</ul>\r\n<p>&nbsp;</p>\r\n<ul>\r\n<li>Apple&reg; Safari&trade; 6 ou version plus r&eacute;cente (Mac)</li>\r\n</ul>\r\n<p>&nbsp;</p>\r\n<p>Veuillez envisager de mettre votre navigateur &agrave; niveau.</p>', '3', '2016-07-24 12:41:59', '2016-07-24 12:41:59', '2016-07-24 12:41:59', 1, 0, 1, NULL, NULL),
(33, 'Boys And Girls Clubs Of Canada', 'boys-and-girls-clubs-of-canada', 'boys-and-girls-clubs-of-canada', '<div class="contents">\r\n<div class="doodle doodle_1"><img src="http://staging.bicfightforyourwrite.ca.en.matchmgassets.com/themes/default/images/doodle_bic_helping_1.png" alt="" /></div>\r\n<div class="doodle doodle_2"><img src="http://staging.bicfightforyourwrite.ca.en.matchmgassets.com/themes/default/images/doodle_bic_helping_2.png" alt="" /></div>\r\n<div class="doodle doodle_3"><img src="http://staging.bicfightforyourwrite.ca.en.matchmgassets.com/themes/default/images/doodle_bic_helping_3.png" alt="" /></div>\r\n<div class="pencil_image pencil_2"><img src="http://staging.bicfightforyourwrite.ca.en.matchmgassets.com/themes/default/images/pencil_2.png" alt="Pencil" /></div>\r\n<div class="pencil_image pencil_3"><img src="http://staging.bicfightforyourwrite.ca.en.matchmgassets.com/themes/default/images/pencil_3.png" alt="Pencil" /></div>\r\n<h3>How BIC is Helping</h3>\r\n<div class="logos"><img src="http://staging.bicfightforyourwrite.ca.en.matchmgassets.com/themes/default/images/BGCC_Logo.png" alt="Boys and Girls Club of Canada" /></div>\r\n<div class="row">\r\n<div class="col-lg-8 col-md-8 col-lg-offset-2 col-md-offset-2">\r\n<p>Join thousands of Canadians and support BIC''s FFYW mission by participating in our weekly challenges! For every submission, BIC will donate $10 to the Boys and Girls Clubs of Canada and enter you into a grand prize draw to win $5,000 towards your child''s education!*&nbsp;<br /><small>(*Donation up to a maximum of $10,000)</small>&nbsp;</p>\r\n<a class="button_blue" href="https://www.bgccan.com/EN/Pages/default.aspx" target="_blank">LEARN MORE ABOUT BOYS AND GIRLS CLUBS OF CANADA</a></div>\r\n</div>\r\n</div>', '1', '2016-07-26 06:25:44', '2016-07-26 06:25:44', '2016-07-26 06:25:44', 1, 0, 1, NULL, NULL),
(34, 'Repaires jeunesse du Canada', 'boys-and-girls-clubs-of-canada', 'boys-and-girls-clubs-of-canada', '<div class="contents">\r\n<div class="doodle doodle_1"><img src="http://staging.bicfightforyourwrite.ca.en.matchmgassets.com/themes/default/images/doodle_bic_helping_1.png" alt="" /></div>\r\n<div class="doodle doodle_2"><img src="http://staging.bicfightforyourwrite.ca.en.matchmgassets.com/themes/default/images/doodle_bic_helping_2.png" alt="" /></div>\r\n<div class="doodle doodle_3"><img src="http://staging.bicfightforyourwrite.ca.en.matchmgassets.com/themes/default/images/doodle_bic_helping_3.png" alt="" /></div>\r\n<div class="pencil_image pencil_2"><img src="http://staging.bicfightforyourwrite.ca.en.matchmgassets.com/themes/default/images/pencil_2.png" alt="Pencil" /></div>\r\n<div class="pencil_image pencil_3"><img src="http://staging.bicfightforyourwrite.ca.en.matchmgassets.com/themes/default/images/pencil_3.png" alt="Pencil" /></div>\r\n<h3>Comment BIC apporte son soutien</h3>\r\n<div class="logos"><img src="http://staging.bicfightforyourwrite.ca.en.matchmgassets.com/themes/default/images/BGCC_Logo_French.jpg" alt="Repaires jeunesse du Canada" /></div>\r\n<div class="row">\r\n<div class="col-lg-8 col-md-8 col-lg-offset-2 col-md-offset-2">\r\n<p>Rejoignez les milliers de canadiens qui soutiennent d&eacute;j&agrave; la mission FFYW de BIC en participant &agrave; nos d&eacute;fis hebdomadaires! &Agrave; chaque participation, BIC fera un don de 10&nbsp;$ aux Repaires jeunesse du Canada et vous serez automatiquement inscrit au grand un tirage au sort pour tenter de gagner 5&nbsp;000&nbsp;$ &agrave; d&eacute;dier aux &eacute;tudes de votre enfant!*</p>\r\n<p><small>(*Dons jusqu''&agrave; un maximum de 10 000 $)</small></p>\r\n<a class="button_blue" href="https://www.bgccan.com/FR/Pages/default.aspx" target="_blank">En apprendre davantage sur les Repaires jeunesse du Canada</a></div>\r\n</div>\r\n</div>', '3', '2016-07-26 06:27:51', '2016-07-26 06:27:51', '2016-07-26 06:27:51', 1, 0, 1, NULL, NULL),
(35, 'Écrivez dès maintenant', 'write-now', 'write-now', '<div class="contents">\r\n<div class="doodle doodle_1"><img src="http://staging.bicfightforyourwrite.ca.en.matchmgassets.com/themes/default/images/doodle_write_now_1.png" alt="" /></div>\r\n<div class="doodle doodle_2"><img src="http://staging.bicfightforyourwrite.ca.en.matchmgassets.com/themes/default/images/doodle_write_now_2.png" alt="" /></div>\r\n<div class="doodle doodle_3"><img src="http://staging.bicfightforyourwrite.ca.en.matchmgassets.com/themes/default/images/doodle_write_now_3.png" alt="" /></div>\r\n<h3>&Eacute;crivez d&egrave;s maintenant!</h3>\r\n<h4 class="subtitle">C&eacute;l&eacute;brez l&rsquo;&eacute;criture avec des activit&eacute;s rigolos et cr&eacute;atives!</h4>\r\n<div class="row no_gutter">\r\n<div class="col-lg-4 col-md-4 col-lg-offset-1 col-md-offset-1">\r\n<h5>CINQ TRUCS</h5>\r\n<h6>con&ccedil;us pour inspirer les enfants &agrave; &eacute;crire</h6>\r\n<p>1. R&eacute;servez des temps sp&eacute;cifiques durant la semaine pour &eacute;crire des histoires, des chansons ou des farces. Encouragez vos enfants &agrave; donner libre cours &agrave; leur imagination!</p>\r\n<p>2. Assurez-vous de disposer d&rsquo;une vari&eacute;t&eacute; de stylos, de crayons et de marqueurs color&eacute;s pour inspirer les jeunes &agrave; consacrer plus de temps &agrave; l''&eacute;criture.</p>\r\n<p>3. Faites de l&rsquo;&eacute;criture une activit&eacute; sp&eacute;ciale pour les enfants en donnant &agrave; chacun sa propre table, son propre pupitre ou son endroit d&eacute;sign&eacute;. Suscitez leur enthousiasme d&rsquo;avoir un espace d&rsquo;&eacute;criture personnel!</p>\r\n<p>4. Donnez aux enfants un travail d&rsquo;&eacute;criture amusant &agrave; ex&eacute;cuter, comme, par exemple, la r&eacute;daction d&rsquo;une liste de souhaits pour leur f&ecirc;te ou d&rsquo;une lettre &agrave; une personnalit&eacute; c&eacute;l&egrave;bre.</p>\r\n<p>5. Inventez des jeux d&rsquo;&eacute;criture. Les jeunes peuvent se pratiquer &agrave; signer leur autographe pour la donner &agrave; Maman ou &agrave; Papa.</p>\r\n</div>\r\n<div class="col-lg-2 col-md-2"><img class="vertical_divider" src="http://staging.bicfightforyourwrite.ca.en.matchmgassets.com/themes/default/images/divider_2.png" alt="" /></div>\r\n<div class="col-lg-4 col-md-4">\r\n<div class="downloadable">\r\n<div class="get_list">Obtenez ici votre Liste de magasinage <em>t&eacute;l&eacute;chargeable</em> pour la rentr&eacute;e des classes!</div>\r\n<div><a class="button_blue" href="/bic-ffyw/uploads/BIC_BackToSchool_Checklist-fr.pdf" target="_blank">T&Eacute;L&Eacute;CHARGER</a></div>\r\n<div class="pencil_purple"><img src="http://staging.bicfightforyourwrite.ca.en.matchmgassets.com/themes/default/images/pencil_purple.png" alt="" /></div>\r\n</div>\r\n</div>\r\n</div>\r\n</div>', '3', '2016-07-26 06:40:04', '2016-07-26 06:40:04', '2016-07-26 06:40:04', 1, 0, 1, NULL, NULL),
(36, 'Product - NOT USE', 'product', 'product', '<div class="contents">\r\n<div class="doodle doodle_1"><img src="http://staging.bicfightforyourwrite.ca.en.matchmgassets.com/themes/default/images/doodle_products_1.png" alt="" /></div>\r\n<div class="doodle doodle_2"><img src="http://staging.bicfightforyourwrite.ca.en.matchmgassets.com/themes/default/images/doodle_products_2.png" alt="" /></div>\r\n<div class="row">\r\n<div class="col-lg-10 col-md-10 col-lg-offset-1 col-md-offset-1">\r\n<h2>PRODUCTS</h2>\r\n<h3>BIC<sup>&reg;&nbsp;</sup>PRODUCTS MAKE WRITING FUN!</h3>\r\n<div><a href="../../en/product/pencil"><img src="http://staging.bicfightforyourwrite.ca.en.matchmgassets.com/themes/default/images/products_intro.png" alt="Introducing BIC Extra-fun pencils Click here" /></a></div>\r\n<p>The perfect BIC<sup>&reg;</sup> pen, pencil or marker can make a child feel inspired to write. We offer so much variety and style; kids and adults will be amazed by what they find. Our products offer:</p>\r\n<p>Smooth writing pens and pencils &bull; Bold, classic and fashionable ink colours &bull; Precise writing instruments &bull; Variety of shapes and point sizes for that perfect fit &bull; Incredibly comfortable grips &bull; Forgiving smudge-free and erasable mechanical pencils</p>\r\n<h6>Check out some of our products!</h6>\r\n</div>\r\n<div class="col-lg-1 col-md-1">&nbsp;</div>\r\n</div>\r\n<div class="product_types clearfix">\r\n<div class="product_type product_pens">\r\n<div class="product_type_inner">\r\n<div class="title">PENS</div>\r\n<div><img src="http://staging.bicfightforyourwrite.ca.en.matchmgassets.com/themes/default/images/products_pens.png" alt="Pens" /></div>\r\n<div class="description">From ballpoint pen to gel to roller, these awesome varieties of pens provide endless hours of fun writing!</div>\r\n</div>\r\n<div><a class="learn_more" href="../../en/product/pens">LEARN MORE</a></div>\r\n</div>\r\n<div class="product_type product_pencils">\r\n<div class="product_type_inner">\r\n<div class="title">PENCILS</div>\r\n<div><img src="http://staging.bicfightforyourwrite.ca.en.matchmgassets.com/themes/default/images/products_pencils.png" alt="Pencils" /></div>\r\n<div class="description">An amazing mechanical pencil that writes 2 &frac12; times longer than wood case pencils? Now that&rsquo;s smart!</div>\r\n</div>\r\n<div><a class="learn_more" href="../../en/product/pencil">LEARN MORE</a></div>\r\n</div>\r\n<div class="product_type product_marking">\r\n<div class="product_type_inner">\r\n<div class="title">MARKING</div>\r\n<div><img src="http://staging.bicfightforyourwrite.ca.en.matchmgassets.com/themes/default/images/products_marking.png" alt="Marking" /></div>\r\n<div class="description">Bold and brilliant coloured markers and highlighters for all of your marking needs.</div>\r\n</div>\r\n<div><a class="learn_more" href="../../en/product/marking">LEARN MORE</a></div>\r\n</div>\r\n<div class="product_type product_correction">\r\n<div class="product_type_inner">\r\n<div class="title">CORRECTION</div>\r\n<div><img src="http://staging.bicfightforyourwrite.ca.en.matchmgassets.com/themes/default/images/products_correction.png" alt="Correction" /></div>\r\n<div class="description">Correcting mistakes has never been so cool!</div>\r\n</div>\r\n<div><a class="learn_more" href="../../en/product/correction">LEARN MORE</a></div>\r\n</div>\r\n</div>\r\n</div>', '1', '2016-07-26 06:41:47', '2016-07-26 06:41:47', '2016-07-26 06:41:47', 1, 0, 1, NULL, NULL),
(37, 'Produits - NOT USE', 'product', 'product', '<div class="contents">\r\n<div class="doodle doodle_1"><img src="http://staging.bicfightforyourwrite.ca.en.matchmgassets.com/themes/default/images/doodle_products_1.png" alt="" /></div>\r\n<div class="doodle doodle_2"><img src="http://staging.bicfightforyourwrite.ca.en.matchmgassets.com/themes/default/images/doodle_products_2.png" alt="" /></div>\r\n<div class="row">\r\n<div class="col-lg-10 col-md-10 col-lg-offset-1 col-md-offset-1">\r\n<h2>PRODUITS</h2>\r\n<h3>LES PRODUITS BIC<sup>&reg;</sup> FONT DE L&rsquo;&Eacute;CRITURE UNE ACTIVIT&Eacute; RIGOLO !</h3>\r\n<div><a href="../../fr/product/pencil"><img src="http://staging.bicfightforyourwrite.ca.en.matchmgassets.com/themes/default/images/products_intro_fr.png" alt="Introducing BIC Extra-fun pencils Click here" /></a></div>\r\n<p>Le bon stylo, crayon ou marqueur de BIC<sup>&reg;</sup> peut inspirer un enfant &agrave; &eacute;crire. Nous offrons toute une diversit&eacute; de styles que les enfants et les adultes seront &eacute;merveill&eacute;s &agrave; d&eacute;couvrir, notamment:</p>\r\n<p>Des stylos et crayons pour une &eacute;criture en douceur &bull; Encres de couleurs classiques et fantaisistes vives &bull; Instruments d&rsquo;&eacute;criture pr&eacute;cise &bull; Offrant une vari&eacute;t&eacute; de formes et de tailles de pointes pour trouver l&rsquo;instrument parfait &bull; Prises incroyablement confortables &bull; Porte-mines effa&ccedil;ables pour une &eacute;criture ais&eacute;e sans bavures</p>\r\n<h6>Jetez un coup d''oeil &agrave; quelques-uns de nos produits!</h6>\r\n</div>\r\n<div class="col-lg-1 col-md-1">&nbsp;</div>\r\n</div>\r\n<div class="product_types clearfix">\r\n<div class="product_type product_pens">\r\n<div class="product_type_inner">\r\n<div class="title">STYLOS</div>\r\n<div><img src="http://staging.bicfightforyourwrite.ca.en.matchmgassets.com/themes/default/images/products_pens.png" alt="Pens" /></div>\r\n<div class="description">From ballpoint pen to gel to roller, these awesome varieties of pens provide endless hours of fun writing!</div>\r\n</div>\r\n<div><a class="learn_more" href="../../fr/product/pens">EN SAVOIR PLUS</a></div>\r\n</div>\r\n<div class="product_type product_pencils">\r\n<div class="product_type_inner">\r\n<div class="title">CRAYONS</div>\r\n<div><img src="http://staging.bicfightforyourwrite.ca.en.matchmgassets.com/themes/default/images/products_pencils.png" alt="Pencils" /></div>\r\n<div class="description">An amazing mechanical pencil that writes 2 &frac12; times longer than wood case pencils? Now that&rsquo;s smart!</div>\r\n</div>\r\n<div><a class="learn_more" href="../../fr/product/pencil">EN SAVOIR PLUS</a></div>\r\n</div>\r\n<div class="product_type product_marking">\r\n<div class="product_type_inner">\r\n<div class="title">MARQUEURS</div>\r\n<div><img src="http://staging.bicfightforyourwrite.ca.en.matchmgassets.com/themes/default/images/products_marking.png" alt="Marking" /></div>\r\n<div class="description">Bold and brilliant coloured markers and highlighters for all of your marking needs.</div>\r\n</div>\r\n<div><a class="learn_more" href="../../fr/product/marking">EN SAVOIR PLUS</a></div>\r\n</div>\r\n<div class="product_type product_correction">\r\n<div class="product_type_inner">\r\n<div class="title">CORRECTEURS</div>\r\n<div><img src="http://staging.bicfightforyourwrite.ca.en.matchmgassets.com/themes/default/images/products_correction.png" alt="Correction" /></div>\r\n<div class="description">La correction des erreurs, c&rsquo;est cool!</div>\r\n</div>\r\n<div><a class="learn_more" href="../../fr/product/correction">EN SAVOIR PLUS</a></div>\r\n</div>\r\n</div>\r\n</div>', '3', '2016-07-26 06:43:10', '2016-07-26 06:43:10', '2016-07-26 06:43:10', 1, 0, 1, NULL, NULL),
(38, 'Pens', 'pens', 'pens', '<div class="contents">\r\n<div class="doodle doodle_product_types_3"><img src="http://staging.bicfightforyourwrite.ca.en.matchmgassets.com/themes/default/images/doodle_products_3.png" alt="" /></div>\r\n<div class="doodle doodle_product_types_1"><img src="http://staging.bicfightforyourwrite.ca.en.matchmgassets.com/themes/default/images/doodle_products_1.png" alt="" /></div>\r\n<div class="doodle doodle_product_types_2"><img src="http://staging.bicfightforyourwrite.ca.en.matchmgassets.com/themes/default/images/doodle_products_2.png" alt="" /></div>\r\n<div class="row">\r\n<div class="page_title"><span class="title_text">BIC Pens</span>\r\n<div class="rollover">Roll over a product below to learn more!</div>\r\n</div>\r\n</div>\r\n<div class="row">\r\n<div class="double_tile">\r\n<div class="tile tile_narrow tile_narrow_first"><img src="http://staging.bicfightforyourwrite.ca.en.matchmgassets.com/themes/default/images/pen_xtra_smooth.png" alt="Cristal&lt;sup&gt;&reg;&lt;/sup&gt; Extra-Smooth Ball Pen" />\r\n<div class="title title_two_lines title_full">Cristal<sup>&reg;</sup> Extra-Smooth Ball Pen (Blue, Red &amp; Black)\r\n<div class="description" style="display: none;">Easy-Glide System<sup>&reg;</sup> BIC&rsquo;s exclusive ink technology, up to 35% smoother than traditional BIC<sup>&reg;</sup> ball pens. Feel the smoothness&trade;!</div>\r\n</div>\r\n</div>\r\n<div class="tile tile_narrow"><img src="http://staging.bicfightforyourwrite.ca.en.matchmgassets.com/themes/default/images/pen_xtra_life.png" alt="Round Stic&lt;sup&gt;&reg;&lt;/sup&gt; Extra-Value Ball Pen" />\r\n<div class="title title_two_lines title_full">Round Stic<sup>&reg;</sup> Extra-Value Ball Pen (Black, Blue &amp; Red)\r\n<div class="description" style="display: none;">Smooth Writing and the Best Priced BIC<sup>&reg;</sup> Pens*<br /> Easy-Glide System<sup>&reg;</sup> BIC&rsquo;s exclusive ink technology, up to 35% smoother than traditional BIC<sup>&reg;</sup> ball pens. Feel the smoothness&trade;!<br /> *BIC<sup>&reg;</sup> Round Stic<sup>&reg;</sup> pens have the lowest average retail price per unit compared to other BIC<sup>&reg;</sup> pens. Prices may fluctuate and are dependent on pack size. Retailers are free to set their own prices.</div>\r\n</div>\r\n</div>\r\n</div>\r\n</div>\r\n<div class="row">\r\n<div class="double_tile">\r\n<div class="tile tile_narrow tile_narrow_first"><img src="http://staging.bicfightforyourwrite.ca.en.matchmgassets.com/themes/default/images/pen_xtra_bold.png" alt="Cristal&lt;sup&gt;&reg;&lt;/sup&gt;  Extra-Bold Ball Pen" />\r\n<div class="title title_two_lines">Cristal<sup>&reg;</sup> Extra-Bold Ball Pen (Fashion)\r\n<div class="description">Bold and Colourful Writing<br /> Provides a vivid ink laydown<br /> 1.6mm bold point</div>\r\n</div>\r\n</div>\r\n<div class="tile tile_narrow"><img src="http://staging.bicfightforyourwrite.ca.en.matchmgassets.com/themes/default/images/pen_xtra_comfort.png" alt="Round Stic Grip&trade; Extra-Comfort Ball Pen " />\r\n<div class="title title_two_lines small_font">Round Stic Grip&trade; Extra-Comfort Ball Pen (Black &amp; Blue)\r\n<div class="description">Soft grip for a comfortable hold<br /> Easy-Glide System<sup>&reg;</sup> BIC&rsquo;s exclusive ink technology, up to 50% smoother than traditional BIC<sup>&reg;</sup> ball pens. Feel the smoothness&trade;!</div>\r\n</div>\r\n</div>\r\n</div>\r\n</div>\r\n<div class="row">\r\n<div class="double_tile">\r\n<div class="tile tile_narrow tile_narrow_first"><img src="http://staging.bicfightforyourwrite.ca.en.matchmgassets.com/themes/default/images/pen_clic_stic.png" alt="Clic Stic&lt;sup&gt;&reg;&lt;/sup&gt; Ball Pen" />\r\n<div class="title title_two_lines">Clic Stic<sup>&reg;</sup> Ball Pen (Blue, Red &amp; Black)\r\n<div class="description">Break-resistant pocket clip <br /> Comfortable, round barrel</div>\r\n</div>\r\n</div>\r\n<div class="tile tile_narrow"><img class="pen_soft_feel" src="http://staging.bicfightforyourwrite.ca.en.matchmgassets.com/themes/default/images/pen_soft_feel.png" alt="Soft Feel&lt;sup&gt;&reg;&lt;/sup&gt; Ball Pen " />\r\n<div class="title title_two_lines">Soft Feel<sup>&reg;</sup> Ball Pen (Blue)\r\n<div class="description">Unique soft barrel and grip<br /> Retractable ball pen</div>\r\n</div>\r\n</div>\r\n</div>\r\n</div>\r\n<div class="row">\r\n<div class="tile tile_wide"><img src="http://staging.bicfightforyourwrite.ca.en.matchmgassets.com/themes/default/images/pen_atlantis.png" alt="BIC Atlantis&lt;sup&gt;&reg;&lt;/sup&gt; Stic, BIC Atlantis&lt;sup&gt;&reg;&lt;/sup&gt; Original, BIC Atlantis&lt;sup&gt;&reg;&lt;/sup&gt; Comfort &amp; BIC Atlantis&lt;sup&gt;&reg;&lt;/sup&gt; Exact Ball Pens " />\r\n<div class="title title_two_lines">BIC<sup>&reg;</sup> Atlantis<sup>&reg;</sup> Stic, BIC<sup>&reg;</sup> Atlantis<sup>&reg;</sup> Original, BIC<sup>&reg;</sup> Atlantis<sup>&reg;</sup> Comfort &amp; BIC<sup>&reg;</sup> Atlantis<sup>&reg;</sup> Exact Ball Pens\r\n<div class="description">Offers smoothness, comfort and precision in a variety of fun colours and barrel designs<br /> Smoother than BIC<sup>&reg;</sup> classic ink system <br /> Sleek and stylish ball pens</div>\r\n</div>\r\n</div>\r\n</div>\r\n<div class="row">\r\n<div class="tile tile_wide"><img src="http://staging.bicfightforyourwrite.ca.en.matchmgassets.com/themes/default/images/pen_4_color.png" alt="4-Color&trade; &nbsp;Ball Pen Classic, Fashion, Mini Classic, Mini Fashion &amp; Metallic" />\r\n<div class="title ">4-Color&trade; &nbsp;Ball Pen Classic, Fashion, Mini Classic, Mini Fashion &amp; Metallic\r\n<div class="description">4 classic or fashion ink colours in 1 pen<br /> Fun and colourful expression</div>\r\n</div>\r\n</div>\r\n</div>\r\n<div class="row">\r\n<div class="double_tile">\r\n<div class="tile tile_narrow tile_narrow_first"><img src="http://staging.bicfightforyourwrite.ca.en.matchmgassets.com/themes/default/images/pen_gel.png" alt="Velocity&lt;sup&gt;&reg;&lt;/sup&gt; Gel " />\r\n<div class="title title_two_lines">Velocity<sup>&reg;</sup> Gel(Black &amp; Assorted)\r\n<div class="description">Smooth writing<br /> Retractable gel</div>\r\n</div>\r\n</div>\r\n<div class="tile tile_narrow"><img src="http://staging.bicfightforyourwrite.ca.en.matchmgassets.com/themes/default/images/pen_velocity.png" alt="Velocity&lt;sup&gt;&reg;&lt;/sup&gt; Bold Ball Pen " />\r\n<div class="title title_two_lines">Velocity<sup>&reg;</sup> Bold Ball Pen (Black &amp; Blue)\r\n<div class="description">Bold, vivid lines<br /> 1.6mm bold point and Easy-Glide System<sup>&reg;</sup> ink creates a smooth writing experience</div>\r\n</div>\r\n</div>\r\n</div>\r\n</div>\r\n<div class="row">\r\n<div class="double_tile">\r\n<div class="tile tile_narrow tile_narrow_first"><img class="pen_kids" src="http://staging.bicfightforyourwrite.ca.en.matchmgassets.com/themes/default/images/pen_kids.png" alt="BIC Kids&trade; Ball Pen and Stylus " />\r\n<div class="title title_two_lines">BIC Kids&trade; Ball Pen and Stylus (Blue)\r\n<div class="description">Developed with teachers and kids<br /> Unique yellow guiding line for proper finger position</div>\r\n</div>\r\n</div>\r\n<div class="tile tile_narrow"><img src="http://staging.bicfightforyourwrite.ca.en.matchmgassets.com/themes/default/images/pen_stylus.png" alt="BIC&lt;sup&gt;&reg;&lt;/sup&gt; TECH&trade; Stylus 2''n 1 Ball Pen " />\r\n<div class="title title_two_lines ">BIC<sup>&reg;</sup> TECH&trade; Stylus 2''n 1 Ball Pen (Black)\r\n<div class="description">Lightweight stylus for capacitive touchscreen devices, including tablets and smartphones<br /> Retractable Ball pen features Easy-Glide System<sup>&reg;</sup> ink &ndash; BIC&rsquo;s exclusive ink technology for smooth writing</div>\r\n</div>\r\n</div>\r\n</div>\r\n</div>\r\n<div class="row">\r\n<div class="double_tile">\r\n<div class="tile tile_narrow tile_narrow_first"><img src="http://staging.bicfightforyourwrite.ca.en.matchmgassets.com/themes/default/images/pen_z4.png" alt="Z4&lt;sup&gt;&reg;&lt;/sup&gt; Roller " />\r\n<div class="title title_two_lines">Z4<sup>&reg;</sup> Roller (Black &amp; Assorted)\r\n<div class="description">Smooth writing<br /> Rubber grip</div>\r\n</div>\r\n</div>\r\n<div class="tile tile_narrow"><img class="pen_kids" src="http://staging.bicfightforyourwrite.ca.en.matchmgassets.com/themes/default/images/pen_her.png" alt="BIC for Her&trade; Ball Pen; BIC for Her&trade; Gel" />\r\n<div class="title">BIC for Her&trade; Ball Pen; BIC for Her&trade; Gel\r\n<div class="description">Beautifully smooth<br /> A fashionable accessory for personal expression</div>\r\n</div>\r\n</div>\r\n</div>\r\n</div>\r\n</div>', '1', '2016-07-26 06:44:55', '2016-07-26 06:44:55', '2016-07-26 06:44:55', 1, 0, 1, NULL, NULL),
(39, 'Stylos', 'pens', 'pens', '<div class="contents">\r\n<div class="doodle doodle_product_types_3"><img src="http://staging.bicfightforyourwrite.ca.en.matchmgassets.com/themes/default/images/doodle_products_3.png" alt="" /></div>\r\n<div class="doodle doodle_product_types_1"><img src="http://staging.bicfightforyourwrite.ca.en.matchmgassets.com/themes/default/images/doodle_products_1.png" alt="" /></div>\r\n<div class="doodle doodle_product_types_2"><img src="http://staging.bicfightforyourwrite.ca.en.matchmgassets.com/themes/default/images/doodle_products_2.png" alt="" /></div>\r\n<div class="row">\r\n<div class="page_title"><span class="title_text">Stylos BIC</span>\r\n<div class="rollover">Faites glisser le curseur sur un produit<br />pour en apprendre davantage!</div>\r\n</div>\r\n</div>\r\n<div class="row">\r\n<div class="double_tile">\r\n<div class="tile tile_narrow tile_narrow_first"><img src="http://staging.bicfightforyourwrite.ca.en.matchmgassets.com/themes/default/images/pen_xtra_smooth.png" alt="BIC&lt;sup&gt;&reg;&lt;/sup&gt; Cristal&lt;sup&gt;&reg;&lt;/sup&gt; Extra-doux Stylo-billen" />\r\n<div class="title title_two_lines title_full">BIC<sup>&reg;</sup> Cristal<sup>&reg;</sup> Extra-douce Stylo-bille (Bleu, rouge et noir)\r\n<div class="description" style="display: none;">La technologie exclusive de BIC en mati&egrave;re d&rsquo;encre Easy-Glide System<sup>&reg;</sup>, une encre jusqu&rsquo;&agrave; 35 % plus douce que celle des stylos &agrave; bille BIC<sup>&reg;</sup> traditionnels. Faites l''exp&eacute;rience de la douceur<sup>MC</sup> !</div>\r\n</div>\r\n</div>\r\n<div class="tile tile_narrow"><img src="http://staging.bicfightforyourwrite.ca.en.matchmgassets.com/themes/default/images/pen_xtra_life.png" alt="Round Stic&lt;sup&gt;&reg;&lt;/sup&gt; Extra-valeur Stylo-bille" />\r\n<div class="title title_two_lines">Round Stic<sup>&reg;</sup> Extra-valeur Stylo-bille (Noir, bleu et rouge)\r\n<div class="description">&Eacute;criture douce et stylos &agrave; bille BIC<sup>&reg;</sup> au meilleur prix*<br /> La technologie exclusive de BIC en mati&egrave;re d&rsquo;encre Easy-Glide System<sup>&reg;</sup>, une encre jusqu&rsquo;&agrave; 35 % plus douce que celle des stylos &agrave; bille BIC<sup>&reg;</sup> traditionnels. Faites l''exp&eacute;rience de la douceur<sup>MC</sup> !<br /> *Les stylos BIC<sup>&reg;</sup> Round Stic<sup>&reg;</sup> ont le plus bas prix moyen au d&eacute;tail par unit&eacute; par rapport aux autres stylos &agrave; bille BIC<sup>&reg;</sup>. Les prix peuvent varier et d&eacute;pendent de la taille du paquet. Les d&eacute;taillants sont libres de fixer leurs propres prix.</div>\r\n</div>\r\n</div>\r\n</div>\r\n</div>\r\n<div class="row">\r\n<div class="double_tile">\r\n<div class="tile tile_narrow tile_narrow_first"><img src="http://staging.bicfightforyourwrite.ca.en.matchmgassets.com/themes/default/images/pen_xtra_bold.png" alt=" Cristal&lt;sup&gt;&reg;&lt;/sup&gt; Extra-large Stylo-bille" />\r\n<div class="title title_two_lines">Cristal<sup>&reg;</sup> Extra-large Stylo-bille (Mode)\r\n<div class="description">&Eacute;criture vive et color&eacute;e<br /> Assure une charge d''encre de couleur vive<br /> Pointe large de 1,6 mm</div>\r\n</div>\r\n</div>\r\n<div class="tile tile_narrow"><img src="http://staging.bicfightforyourwrite.ca.en.matchmgassets.com/themes/default/images/pen_xtra_comfort.png" alt="Round Stic Grip&lt;sup&gt;MC&lt;/sup&gt; Extra-confort Stylo-bille" />\r\n<div class="title title_two_lines small_font">Round Stic Grip<sup>MC</sup> Extra-confort Stylo-bille (Noir et bleu)\r\n<div class="description">Prise en main douce et grand confort La technologie exclusive de BIC en mati&egrave;re d&rsquo;encre Easy-Glide System<sup>&reg;</sup>, une encre jusqu&rsquo;&agrave; 50 % plus douce que celle des stylos &agrave; bille BIC<sup>&reg;</sup> traditionnels. Faites l''exp&eacute;rience de la douceur<sup>MC</sup> !</div>\r\n</div>\r\n</div>\r\n</div>\r\n</div>\r\n<div class="row">\r\n<div class="double_tile">\r\n<div class="tile tile_narrow tile_narrow_first"><img src="http://staging.bicfightforyourwrite.ca.en.matchmgassets.com/themes/default/images/pen_clic_stic.png" alt="Clic Stic&lt;sup&gt;&reg;&lt;/sup&gt; Stylo-bille" />\r\n<div class="title title_two_lines">Clic Stic<sup>&reg;</sup> Stylo-bille (Bleu, rouge et noir)\r\n<div class="description">Agrafe de poche r&eacute;sistante aux bris<br /> Barillet rond, confortable</div>\r\n</div>\r\n</div>\r\n<div class="tile tile_narrow"><img class="pen_soft_feel" src="http://staging.bicfightforyourwrite.ca.en.matchmgassets.com/themes/default/images/pen_soft_feel.png" alt="Soft Feel&lt;sup&gt;&reg;&lt;/sup&gt; Stylo-bille" />\r\n<div class="title title_two_lines">Soft Feel<sup>&reg;</sup> Stylo-bille (Bleu)\r\n<div class="description">Barillet et prise doux exclusifs Stylo &agrave; bille r&eacute;tractable</div>\r\n</div>\r\n</div>\r\n</div>\r\n</div>\r\n<div class="row">\r\n<div class="tile tile_wide"><img src="http://staging.bicfightforyourwrite.ca.en.matchmgassets.com/themes/default/images/pen_atlantis.png" alt="Stylos &agrave; bille BIC Atlantis&lt;sup&gt;&reg;&lt;/sup&gt; Stic, BIC Atlantis&lt;sup&gt;&reg;&lt;/sup&gt; Original, BIC Atlantis&lt;sup&gt;&reg;&lt;/sup&gt; Comfort et BIC Atlantis&lt;sup&gt;&reg;&lt;/sup&gt; Exact" />\r\n<div class="title title_two_lines">Stylos &agrave; bille BIC<sup>&reg;</sup> Atlantis<sup>&reg;</sup> Stic, BIC<sup>&reg;</sup> Atlantis<sup>&reg;</sup> Original, BIC<sup>&reg;</sup> Atlantis<sup>&reg;</sup> Confort et BIC<sup>&reg;</sup> Atlantis<sup>&reg;</sup> Exact\r\n<div class="description">Douceur, confort et pr&eacute;cision offerts dans une diversit&eacute; de couleurs fantaististes et de styles de barrilet<br /> Plus doux que les stylos &agrave; bille munis du syst&egrave;me d&rsquo;encre traditionnel BIC<sup>&reg;</sup><br /> Stylos &agrave; bille avec barillet mince et chic</div>\r\n</div>\r\n</div>\r\n</div>\r\n<div class="row">\r\n<div class="tile tile_wide"><img src="http://staging.bicfightforyourwrite.ca.en.matchmgassets.com/themes/default/images/pen_4_color.png" alt="&nbsp;4&trade;/&lt;sup&gt;MC&lt;/sup&gt;&nbsp;Color&nbsp;Stylos &agrave; bille&nbsp;Classic,&nbsp;Mode,&nbsp;Classic&nbsp;Mini,&nbsp;Mode Mini&nbsp;et M&eacute;tallique" />\r\n<div class="title ">&nbsp;4<sup>TM/MC</sup>&nbsp;Color&nbsp;Stylos &agrave; bille&nbsp;Classic,&nbsp;Mode,&nbsp;Classic&nbsp;Mini,&nbsp;Mode Mini&nbsp;et M&eacute;tallique\r\n<div class="description">4 couleurs d&rsquo;encre classiques ou fantaisistes en un seul stylo<br /> Expression amusante et color&eacute;e</div>\r\n</div>\r\n</div>\r\n<div class="row">\r\n<div class="double_tile">\r\n<div class="tile tile_narrow tile_narrow_first"><img src="http://staging.bicfightforyourwrite.ca.en.matchmgassets.com/themes/default/images/pen_gel.png" alt="Velocity&lt;sup&gt;&reg;&lt;/sup&gt; Gel " />\r\n<div class="title title_two_lines">Velocity<sup>&reg;</sup> Gel(Noir et assorties)\r\n<div class="description">&Eacute;criture en douceur<br /> Stylo gel r&eacute;tractable</div>\r\n</div>\r\n</div>\r\n<div class="tile tile_narrow"><img src="http://staging.bicfightforyourwrite.ca.en.matchmgassets.com/themes/default/images/pen_velocity.png" alt=" Velocity&lt;sup&gt;&reg;&lt;/sup&gt; Bold Stylo-bille" />\r\n<div class="title title_two_lines">Velocity<sup>&reg;</sup> Bold Stylo-bille (Noir et bleu)\r\n<div class="description">Trac&eacute;s vifs et forts<br /> Exp&eacute;rience d&rsquo;&eacute;criture en douceur gr&acirc;ce &agrave; une pointe large de 1,6 mm et &agrave; la technologie d&rsquo;encre Easy-Glide System<sup>&reg;</sup></div>\r\n</div>\r\n</div>\r\n</div>\r\n</div>\r\n<div class="row">\r\n<div class="double_tile">\r\n<div class="tile tile_narrow tile_narrow_first"><img class="pen_kids" src="http://staging.bicfightforyourwrite.ca.en.matchmgassets.com/themes/default/images/pen_kids.png" alt="BIC Kids&lt;sup&gt;MC&lt;/sup&gt; Stylo-bille et stylet" />\r\n<div class="title title_two_lines">BIC Kids<sup>MC</sup> Stylo-bille et stylet(Bleu)\r\n<div class="description">Conception cr&eacute;&eacute;e en consultation avec les professeurs et les enfants<br /> Ligne directrice jaune exclusive pour orienter la position des doigts</div>\r\n</div>\r\n</div>\r\n<div class="tile tile_narrow"><img src="http://staging.bicfightforyourwrite.ca.en.matchmgassets.com/themes/default/images/pen_stylus.png" alt="BIC&lt;sup&gt;&reg;&lt;/sup&gt; TECH&lt;sup&gt;MC&lt;/sup&gt; 2''n 1 Stylo-bille et stylet" />\r\n<div class="title title_two_lines ">BIC<sup>&reg;</sup> TECH<sup>MC</sup> 2''n 1 stylo et stylet (Noir)\r\n<div class="description">Stylet de poids l&eacute;ger pour appareils &agrave; &eacute;cran tactile capacitif, y compris tablettes et t&eacute;l&eacute;phones intelligents<br /> Stylo &agrave; bille r&eacute;tractable muni du Easy-Glide System<sup>&reg;</sup>, la technologie d&rsquo;encre exclusive de BIC pour une &eacute;criture en douceur</div>\r\n</div>\r\n</div>\r\n</div>\r\n</div>\r\n<div class="row">\r\n<div class="double_tile">\r\n<div class="tile tile_narrow tile_narrow_first"><img src="http://staging.bicfightforyourwrite.ca.en.matchmgassets.com/themes/default/images/pen_z4.png" alt="Z4&lt;sup&gt;&reg;&lt;/sup&gt; Roller " />\r\n<div class="title title_two_lines">Z4<sup>&reg;</sup> Roller (Noir et assorties)\r\n<div class="description">&Eacute;criture en douceur<br /> Prise en caoutchouc</div>\r\n</div>\r\n</div>\r\n<div class="tile tile_narrow"><img class="pen_kids" src="http://staging.bicfightforyourwrite.ca.en.matchmgassets.com/themes/default/images/pen_her.png" alt="BIC for Her&lt;sup&gt;MC&lt;/sup&gt; et BIC for Her&lt;sup&gt;MC&lt;/sup&gt; Gel&lt;sup&gt;MC&lt;/sup&gt;" />\r\n<div class="title">BIC for Her<sup>MC</sup> et BIC for Her<sup>MC</sup> Gel<sup>MC</sup>\r\n<div class="description">Douceur superbe<br /> Un accessoire chic d''expression personnelle</div>\r\n</div>\r\n</div>\r\n</div>\r\n</div>\r\n</div>\r\n</div>', '3', '2016-07-26 06:47:01', '2016-07-26 06:47:01', '2016-07-26 06:47:01', 1, 0, 1, NULL, NULL),
(40, 'Pencil', 'pencil', 'pencil', '<div class="contents">\r\n<div class="doodle doodle_product_types_3"><img src="http://staging.bicfightforyourwrite.ca.en.matchmgassets.com/themes/default/images/doodle_products_3.png" alt="" /></div>\r\n<div class="doodle doodle_product_types_1"><img src="http://staging.bicfightforyourwrite.ca.en.matchmgassets.com/themes/default/images/doodle_products_1.png" alt="" /></div>\r\n<div class="doodle doodle_product_types_2"><img src="http://staging.bicfightforyourwrite.ca.en.matchmgassets.com/themes/default/images/doodle_products_2.png" alt="" /></div>\r\n<div class="row">\r\n<div class="page_title"><span class="title_text">BIC Pencils</span>\r\n<div class="rollover">Roll over a product below to learn more!</div>\r\n</div>\r\n</div>\r\n<div class="row">\r\n<div class="tile tile_wide"><img src="http://staging.bicfightforyourwrite.ca.en.matchmgassets.com/themes/default/images/pencil_xtra.png" alt="Extra-Life, Extra-Precision, Extra-Shine, Extra-Craze&trade; Mechanical Pencils" />\r\n<div class="title title_two_lines title_full">Extra-Life, Extra-Precision, Extra-Shine, Extra-Craze&trade; Mechanical Pencils\r\n<div class="description" style="display: block;">1 BIC<sup>&reg;</sup> Pencil = 2&frac12; wood case pencils<br /> Smooth writing lead does not smudge and erases cleanly<br /> Perfect for standardized tests<br /> Leads never need sharpening and advance quickly and easily</div>\r\n</div>\r\n</div>\r\n</div>\r\n<div class="row">\r\n<div class="double_tile">\r\n<div class="tile tile_narrow tile_narrow_first"><img src="http://staging.bicfightforyourwrite.ca.en.matchmgassets.com/themes/default/images/pencil_her.png" alt="BIC Kids&trade; Mechanical Pencil " />\r\n<div class="title">BIC Kids&trade; Mechanical Pencil\r\n<div class="description">Developed with teachers and kids<br /> Unique yellow guiding line for proper finger position</div>\r\n</div>\r\n</div>\r\n<div class="tile tile_narrow"><img src="http://staging.bicfightforyourwrite.ca.en.matchmgassets.com/themes/default/images/pencil_kids.png" alt="Velocity&lt;sup&gt;&reg;&lt;/sup&gt; Mechanical Pencil" />\r\n<div class="title">Velocity<sup>&reg;</sup> Mechanical Pencil\r\n<div class="description">Comfortable grip<br /> Perfect for standardized tests</div>\r\n</div>\r\n</div>\r\n</div>\r\n</div>\r\n<div class="row">\r\n<div class="double_tile">\r\n<div class="tile tile_narrow tile_narrow_first"><img src="http://staging.bicfightforyourwrite.ca.en.matchmgassets.com/themes/default/images/pencil_velocity.png" alt="BIC&lt;sup&gt;&reg;&lt;/sup&gt; Extra-Fun&trade; Pencil" />\r\n<div class="title title_full">BIC<sup>&reg;</sup> Extra-Fun&trade; Pencil\r\n<div class="description" style="display: none;">Make writing fun with two-toned coloured barrels!<br /> Durable &ndash; long-lasting leads<br /> Latex-free erasers<br /> Sharpens First Time, Every Time</div>\r\n</div>\r\n</div>\r\n</div>\r\n</div>\r\n</div>', '1', '2016-07-26 06:51:00', '2016-07-26 06:51:00', '2016-07-26 06:51:00', 1, 0, 1, NULL, NULL),
(41, 'Crayons', 'pencil', 'pencil', '<div class="contents">\r\n<div class="doodle doodle_product_types_3"><img src="http://staging.bicfightforyourwrite.ca.en.matchmgassets.com/themes/default/images/doodle_products_3.png" alt="" /></div>\r\n<div class="doodle doodle_product_types_1"><img src="http://staging.bicfightforyourwrite.ca.en.matchmgassets.com/themes/default/images/doodle_products_1.png" alt="" /></div>\r\n<div class="doodle doodle_product_types_2"><img src="http://staging.bicfightforyourwrite.ca.en.matchmgassets.com/themes/default/images/doodle_products_2.png" alt="" /></div>\r\n<div class="row">\r\n<div class="page_title"><span class="title_text">BIC Crayons</span>\r\n<div class="rollover">Faites glisser le curseur sur un produit<br />pour en apprendre davantage!</div>\r\n</div>\r\n</div>\r\n<div class="row">\r\n<div class="tile tile_wide"><img src="http://staging.bicfightforyourwrite.ca.en.matchmgassets.com/themes/default/images/pencil_xtra.png" alt="Porte-mines Extra-durable, Extra-pr&eacute;cision, Extra-brillant, Extra-Craze&lt;sup&gt;MC&lt;/sup&gt;" />\r\n<div class="title title_two_lines title_full">Porte-mines Extra-durable, Extra-pr&eacute;cision, Extra-brillant, Extra-Craze<sup>MC</sup>\r\n<div class="description" style="display: none;">1 porte-mine BIC<sup>&reg;</sup> = 2&frac12; crayons de bois<br /> Mine assurant une &eacute;criture douce, sans bavures et facile &agrave; effacer<br /> Id&eacute;al pour les tests standardis&eacute;s<br /> Aucun aiguisage requis. Les mines avancent vite et sans effort.</div>\r\n</div>\r\n</div>\r\n</div>\r\n<div class="row">\r\n<div class="double_tile">\r\n<div class="tile tile_narrow tile_narrow_first"><img src="http://staging.bicfightforyourwrite.ca.en.matchmgassets.com/themes/default/images/pencil_her.png" alt=" BIC Kids&lt;sup&gt;MC&lt;/sup&gt; Porte-mine" />\r\n<div class="title">BIC Kids<sup>MC</sup> Porte-mine\r\n<div class="description">Conception cr&eacute;&eacute;e en consultation avec les professeurs et les enfants<br /> Ligne directrice jaune exclusive pour orienter la position des doigts</div>\r\n</div>\r\n</div>\r\n<div class="tile tile_narrow"><img src="http://staging.bicfightforyourwrite.ca.en.matchmgassets.com/themes/default/images/pencil_kids.png" alt="Velocity&lt;sup&gt;&reg;&lt;/sup&gt; Porte-mine" />\r\n<div class="title">Velocity<sup>&reg;</sup> Porte-mine\r\n<div class="description">Prise confortable<br /> Id&eacute;al pour les tests standardis&eacute;s</div>\r\n</div>\r\n</div>\r\n</div>\r\n</div>\r\n<div class="row">\r\n<div class="double_tile">\r\n<div class="tile tile_narrow tile_narrow_first"><img src="http://staging.bicfightforyourwrite.ca.en.matchmgassets.com/themes/default/images/pencil_velocity.png" alt="BIC&lt;sup&gt;&reg;&lt;/sup&gt; Extra-Fun&lt;sup&gt;MC&lt;/sup&gt; Crayon" />\r\n<div class="title">BIC<sup>&reg;</sup> Extra-Fun<sup>MC</sup> Crayon\r\n<div class="description">Faites de l&rsquo;&eacute;criture une activit&eacute; rigolo gr&acirc;ce aux barillets color&eacute;s &agrave; deux tons !<br /> Robustes avec mines durables<br /> Gommes &agrave; effacer sans latex<br /> Faciles &agrave; aff&ucirc;ter du premier coup, &agrave; tout coup</div>\r\n</div>\r\n</div>\r\n</div>\r\n</div>\r\n</div>', '3', '2016-07-26 07:01:08', '2016-07-26 07:01:08', '2016-07-26 07:01:08', 1, 0, 1, NULL, NULL);
INSERT INTO `bic_ffyw_page_item` (`id`, `name`, `slug`, `code`, `description`, `locale_id`, `created_at`, `updated_at`, `published_at`, `creator_id`, `is_deleted`, `is_enabled`, `ordering_weight`, `params`) VALUES
(42, 'Marking', 'marking', 'marking', '<div class="contents">\r\n<div class="doodle doodle_product_types_3"><img src="http://staging.bicfightforyourwrite.ca.en.matchmgassets.com/themes/default/images/doodle_products_3.png" alt="" /></div>\r\n<div class="doodle doodle_product_types_1"><img src="http://staging.bicfightforyourwrite.ca.en.matchmgassets.com/themes/default/images/doodle_products_1.png" alt="" /></div>\r\n<div class="doodle doodle_product_types_2"><img src="http://staging.bicfightforyourwrite.ca.en.matchmgassets.com/themes/default/images/doodle_products_2.png" alt="" /></div>\r\n<div class="row">\r\n<div class="page_title"><span class="title_text">BIC Marking</span>\r\n<div class="rollover">Roll over a product below to learn more!</div>\r\n</div>\r\n</div>\r\n<div class="row">\r\n<div class="tile tile_wide"><img src="http://staging.bicfightforyourwrite.ca.en.matchmgassets.com/themes/default/images/marker_permanent.png" alt="BIC Mark-It&trade; Permanent Markers" />\r\n<div class="title title_full">BIC Mark-It&trade; Permanent Markers\r\n<div class="description" style="display: none;">Durable, bold, long-lasting, permanent marker <br /> Acid-Free ink<br /> ACMI approved, non-toxic (conforms to U.S. standard ASTM D4236)<br /> Comfortable rubber grip<br /> 2 week cap off time! Won&rsquo;t dry out when cap is left off for 2 weeks. &nbsp;Classic colours: Blue, Black, Red &amp; Green.<br /> Marks on just about everything! Including, glass, metal, plastic, photos, foils, coated paper, oily and damp surfaces<br /> Available in 36 Permanent Marker Colours</div>\r\n</div>\r\n</div>\r\n</div>\r\n<div class="row">\r\n<div class="double_tile">\r\n<div class="tile tile_narrow tile_narrow_first"><img class="marking_highlighter" src="http://staging.bicfightforyourwrite.ca.en.matchmgassets.com/themes/default/images/marker_highlighter.png" alt="BIC&lt;sup&gt;&reg;&lt;/sup&gt; Briteliner&lt;sup&gt;&reg;&lt;/sup&gt; Highlighters" />\r\n<div class="title">BIC<sup>&reg;</sup> Briteliner<sup>&reg;</sup> Highlighters\r\n<div class="description">Super bright, fluorescent inks<br /> Broad line for highlighting and fine line for underlining<br /> Available in 3 vibrant colours</div>\r\n</div>\r\n</div>\r\n<div class="tile tile_narrow"><img class="marking_dry" src="http://staging.bicfightforyourwrite.ca.en.matchmgassets.com/themes/default/images/marker_dry_erase.png" alt="BIC&lt;sup&gt;&reg;&lt;/sup&gt; Magic Marker&lt;sup&gt;&reg;&lt;/sup&gt; Brand Dry Erase Markers" />\r\n<div class="title title_two_lines title_full">BIC<sup>&reg;</sup> Magic Marker<sup>&reg;</sup> Brand Dry Erase Markers\r\n<div class="description" style="display: none;">Low odour AND Bold Writing<br /> Erases Easily <br /> Provides smooth, consistent ink flow <br /> Long-lasting ink supply <br /> For use on whiteboards, glass and most non-porous surfaces, do not shake, do not use on cloth, store horizontally, let dry completely before erasing <br /> Available in 4 vibrant colours</div>\r\n</div>\r\n</div>\r\n</div>\r\n</div>\r\n</div>', '1', '2016-07-26 07:03:07', '2016-07-26 07:03:07', '2016-07-26 07:03:07', 1, 0, 1, NULL, NULL),
(43, 'Marqueurs', 'marking', 'marking', '<div class="contents">\r\n<div class="doodle doodle_product_types_3"><img src="http://staging.bicfightforyourwrite.ca.en.matchmgassets.com/themes/default/images/doodle_products_3.png" alt="" /></div>\r\n<div class="doodle doodle_product_types_1"><img src="http://staging.bicfightforyourwrite.ca.en.matchmgassets.com/themes/default/images/doodle_products_1.png" alt="" /></div>\r\n<div class="doodle doodle_product_types_2"><img src="http://staging.bicfightforyourwrite.ca.en.matchmgassets.com/themes/default/images/doodle_products_2.png" alt="" /></div>\r\n<div class="row">\r\n<div class="page_title"><span class="title_text">BIC Marqueurs</span>\r\n<div class="rollover">Faites glisser le curseur sur un produit<br />pour en apprendre davantage!</div>\r\n</div>\r\n</div>\r\n<div class="row">\r\n<div class="tile tile_wide"><img src="http://staging.bicfightforyourwrite.ca.en.matchmgassets.com/themes/default/images/marker_permanent.png" alt=" BIC Mark-It&lt;sup&gt;MC&lt;/sup&gt; Marqueurs permanents" />\r\n<div class="title title_full">BIC Mark-It<sup>MC</sup> Marqueurs permanents\r\n<div class="description" style="display: none;">Marqueur permanent &agrave; aspect vif, robuste et durable<br /> Encre sans acide<br /> Certifi&eacute; non toxique par l&rsquo;ACMI (Conforme &agrave; la norme am&eacute;ricaine ASTM D 4236)<br /> Prise caoutchout&eacute;e grand confort<br /> P&eacute;riode de gr&acirc;ce de 2 semaines pour un capuchon retir&eacute; ! Ne s&egrave;che pas quand le capuchon est enlev&eacute; pendant 2 semaines. Couleurs classiques &ndash; bleu, noir, rouge et vert.<br /> &Eacute;crit sur la plupart des surfaces ! Incluant : verre, m&eacute;tal, plastique, photos, papier aluminium, papier couch&eacute;, surfaces huileuses ou humides<br /> Offert en 36 couleurs permanentes pour marqueurs</div>\r\n</div>\r\n</div>\r\n</div>\r\n<div class="row">\r\n<div class="double_tile">\r\n<div class="tile tile_narrow tile_narrow_first"><img class="marking_highlighter" src="http://staging.bicfightforyourwrite.ca.en.matchmgassets.com/themes/default/images/marker_highlighter.png" alt="BIC&lt;sup&gt;&reg;&lt;/sup&gt; Briteliner&lt;sup&gt;&reg;&lt;/sup&gt; Surligneurs" />\r\n<div class="title">BIC<sup>&reg;</sup> Briteliner<sup>&reg;</sup> Surligneurs\r\n<div class="description">Encres fluorescentes tr&egrave;s vives<br /> Trac&eacute; gras pour surligner et trac&eacute; fin pour souligner<br /> Offert en 3 couleurs &eacute;clatantes</div>\r\n</div>\r\n</div>\r\n<div class="tile tile_narrow"><img class="marking_dry" src="http://staging.bicfightforyourwrite.ca.en.matchmgassets.com/themes/default/images/marker_dry_erase.png" alt="BIC&lt;sup&gt;&reg;&lt;/sup&gt; Magic Marker&lt;sup&gt;&reg;&lt;/sup&gt; MARQUE marqueurs essuyage &agrave; sec" />\r\n<div class="title title_two_lines">BIC<sup>&reg;</sup> Magic Marker<sup>&reg;</sup> MARQUE marqueurs essuyage &agrave; sec\r\n<div class="description">Peu d''odeur ET &eacute;criture grasse<br /> Effa&ccedil;age facile<br /> R&eacute;serve d&rsquo;encre durable<br /> S&rsquo;emploie sur les tableaux blancs, le verre et la plupart des surfaces non poreuses.<br /> Ne pas agiter.<br /> Ne pas utiliser sur les chiffons.<br /> Ranger &agrave; l&rsquo;horizontale.<br /> Laisser s&eacute;cher compl&egrave;tement avant d&rsquo;effacer.<br /> Offert en 4 couleurs &eacute;clatantes</div>\r\n</div>\r\n</div>\r\n</div>\r\n</div>\r\n</div>', '3', '2016-07-26 07:04:08', '2016-07-26 07:04:08', '2016-07-26 07:04:08', 1, 0, 1, NULL, NULL),
(44, 'Correction', 'correction', 'correction', '<div class="contents">\r\n<div class="doodle doodle_product_types_3"><img src="http://staging.bicfightforyourwrite.ca.en.matchmgassets.com/themes/default/images/doodle_products_3.png" alt="" /></div>\r\n<div class="doodle doodle_product_types_1"><img src="http://staging.bicfightforyourwrite.ca.en.matchmgassets.com/themes/default/images/doodle_products_1.png" alt="" /></div>\r\n<div class="doodle doodle_product_types_2"><img src="http://staging.bicfightforyourwrite.ca.en.matchmgassets.com/themes/default/images/doodle_products_2.png" alt="" /></div>\r\n<div class="row">\r\n<div class="page_title"><span class="title_text">BIC Correction</span>\r\n<div class="rollover">Roll over a product below to learn more!</div>\r\n</div>\r\n</div>\r\n<div class="row">\r\n<div class="tile tile_wide"><img src="http://staging.bicfightforyourwrite.ca.en.matchmgassets.com/themes/default/images/correction_witeout.png" alt="BIC&lt;sup&gt;&reg;&lt;/sup&gt; Wite-Out&lt;sup&gt;&reg;&lt;/sup&gt; Brand Mini &amp; BIC&lt;sup&gt;&reg;&lt;/sup&gt; Wite-Out&lt;sup&gt;&reg;&lt;/sup&gt; EZ Correct Correction Tape " />\r\n<div class="title title_two_lines title_full">BIC<sup>&reg;</sup> Wite-Out<sup>&reg;</sup> Brand Mini &amp; BIC<sup>&reg;</sup> Wite-Out<sup>&reg;</sup> EZ Correct Correction Tape\r\n<div class="description" style="display: none;">Super Bright case colors<br /> Strong tear-resistant tape<br /> Tape applies dry<br /> Write over instantly<br /> White single line<br /> Non-refillable</div>\r\n</div>\r\n</div>\r\n</div>\r\n</div>', '1', '2016-07-26 07:05:42', '2016-07-26 07:05:42', '2016-07-26 07:05:42', 1, 0, 1, NULL, NULL),
(45, 'Correcteurs', 'correction', 'correction', '<div class="contents">\r\n<div class="doodle doodle_product_types_3"><img src="http://staging.bicfightforyourwrite.ca.en.matchmgassets.com/themes/default/images/doodle_products_3.png" alt="" /></div>\r\n<div class="doodle doodle_product_types_1"><img src="http://staging.bicfightforyourwrite.ca.en.matchmgassets.com/themes/default/images/doodle_products_1.png" alt="" /></div>\r\n<div class="doodle doodle_product_types_2"><img src="http://staging.bicfightforyourwrite.ca.en.matchmgassets.com/themes/default/images/doodle_products_2.png" alt="" /></div>\r\n<div class="row">\r\n<div class="page_title"><span class="title_text">BIC Correcteurs</span>\r\n<div class="rollover">Faites glisser le curseur sur un produit<br />pour en apprendre davantage!</div>\r\n</div>\r\n</div>\r\n<div class="row">\r\n<div class="tile tile_wide"><img src="http://staging.bicfightforyourwrite.ca.en.matchmgassets.com/themes/default/images/correction_witeout.png" alt=" BIC&lt;sup&gt;&reg;&lt;/sup&gt; Wite-Out&lt;sup&gt;&reg;&lt;/sup&gt; Marque Mini et BIC&lt;sup&gt;&reg;&lt;/sup&gt; Wite-Out&lt;sup&gt;&reg;&lt;/sup&gt; EZ Correct Ruban correcteur" />\r\n<div class="title title_two_lines title_full">BIC<sup>&reg;</sup> Wite-Out<sup>&reg;</sup> Marque Mini et BIC<sup>&reg;</sup> Wite-Out<sup>&reg;</sup> EZ Correct Ruban correcteur\r\n<div class="description" style="display: none;">&Eacute;tui &agrave; couleurs super &eacute;clatantes<br /> Ruban robuste r&eacute;sistant aux d&eacute;chirures<br /> Le ruban s&rsquo;applique &agrave; sec<br /> Permet d&rsquo;&eacute;crire sur la correction imm&eacute;diatement<br /> Ligne simple de couleur blanche<br /> Non rechargeable</div>\r\n</div>\r\n</div>\r\n</div>\r\n</div>', '3', '2016-07-26 07:06:52', '2016-07-26 07:06:52', '2016-07-26 07:06:52', 1, 0, 1, NULL, NULL),
(46, 'Press', 'press', 'press', '<div class="contents">\r\n<div class="doodle doodle_1"><img src="http://staging.bicfightforyourwrite.ca.en.matchmgassets.com/themes/default/images/doodle_press_1.png" alt="" /></div>\r\n<div class="doodle doodle_2"><img src="http://staging.bicfightforyourwrite.ca.en.matchmgassets.com/themes/default/images/doodle_press_2.png" alt="" /></div>\r\n<div class="doodle doodle_3"><img src="http://staging.bicfightforyourwrite.ca.en.matchmgassets.com/themes/default/images/doodle_press_3.png" alt="" /></div>\r\n<div class="doodle doodle_4"><img src="http://staging.bicfightforyourwrite.ca.en.matchmgassets.com/themes/default/images/doodle_press_4.png" alt="" /></div>\r\n<div class="pen pencil_image"><img src="http://staging.bicfightforyourwrite.ca.en.matchmgassets.com/themes/default/images/pen_3.png" alt="" /></div>\r\n<div class="pencils pencil_image"><img src="http://staging.bicfightforyourwrite.ca.en.matchmgassets.com/themes/default/images/pencil_4.png" alt="" /></div>\r\n<h3>Press</h3>\r\n<h4 class="subtitle">Click below to download the BIC Fight For Your Write press release and learn more about the importance of handwriting!</h4>\r\n<div><a class="button_blue" href="../../uploads/BIC_FFYW_News_Release_2015.pdf" target="_blank">DOWNLOAD</a></div>\r\n<div class="row news_links">\r\n<div class="col-lg-6 col-md-6 col-lg-offset-3 col-md-offset-3">\r\n<h4>In the News: (Click to learn more)</h4>\r\n<ul class="news_list">\r\n<li><a href="http://bit.ly/1W1WLFn" target="_blank"><strong>Handwriting</strong> CBC Radio Metro Morning &ndash; July 13, 2015 </a></li>\r\n<li><a href="http://bit.ly/1INA6XG" target="_blank"><strong>In defense of cursive handwriting</strong> Chathamthisweek.com &ndash; May 28, 2015 </a></li>\r\n<li><a href="http://bit.ly/1P6Os6g" target="_blank"><strong>Cursive Writing: Yes It&rsquo;s Still Important!</strong> Hermagazine.ca &ndash; March 26, 2015 </a></li>\r\n</ul>\r\n<ul class="news_list">\r\n<li><a href="http://on.thestar.com/1FMsv8X" target="_blank"><strong>How parents can prevent kids from backsliding academically this summer</strong> Thestar.com &ndash; May 31, 2015 </a></li>\r\n<li><a href="http://bit.ly/1vWa3Cz" target="_blank"><strong>Handwriting vs. typing: is the pen still mightier than the keyboard?</strong> TheGuardian.com &ndash; December 16, 2014 </a></li>\r\n<li><a href="http://huff.to/1CHka49" target="_blank"><strong>The benefits of writing with a good old fashioned pen</strong> TheHuffingtonPost.com &ndash; September 12, 2014</a></li>\r\n</ul>\r\n</div>\r\n</div>\r\n</div>', '1', '2016-07-26 07:08:22', '2016-07-26 07:08:22', '2016-07-26 07:08:22', 1, 0, 1, NULL, NULL),
(47, 'La Presse', 'press', 'press', '<div class="contents">\r\n<div class="doodle doodle_1"><img src="http://staging.bicfightforyourwrite.ca.en.matchmgassets.com/themes/default/images/doodle_press_1.png" alt="" /></div>\r\n<div class="doodle doodle_2"><img src="http://staging.bicfightforyourwrite.ca.en.matchmgassets.com/themes/default/images/doodle_press_2.png" alt="" /></div>\r\n<div class="doodle doodle_3"><img src="http://staging.bicfightforyourwrite.ca.en.matchmgassets.com/themes/default/images/doodle_press_3.png" alt="" /></div>\r\n<div class="doodle doodle_4"><img src="http://staging.bicfightforyourwrite.ca.en.matchmgassets.com/themes/default/images/doodle_press_4.png" alt="" /></div>\r\n<div class="pen pencil_image"><img src="http://staging.bicfightforyourwrite.ca.en.matchmgassets.com/themes/default/images/pen_3.png" alt="" /></div>\r\n<div class="pencils pencil_image"><img src="http://staging.bicfightforyourwrite.ca.en.matchmgassets.com/themes/default/images/pencil_4.png" alt="" /></div>\r\n<h3>La Presse</h3>\r\n<h4 class="subtitle">Cliquez ci-dessous pour t&eacute;l&eacute;charger le communiqu&eacute; de presse sur la mission Ton pouvoir d&rsquo;&eacute;crire de BIC afin d&rsquo;en apprendre davantage sur l&rsquo;importance de l&rsquo;&eacute;criture &agrave; la main!</h4>\r\n<div><a class="button_blue" href="/bic-ffyw/uploads/BIC_FFYW_News_Release_2015_fr.pdf" target="_blank">T&Eacute;L&Eacute;CHARGER</a></div>\r\n<div class="row news_links">\r\n<div class="col-lg-6 col-md-6 col-lg-offset-3 col-md-offset-3">\r\n<h4>Mentions dans les m&eacute;dias : (Cliquez pour en savoir plus)</h4>\r\n<ul class="news_list">\r\n<li><a href="http://bit.ly/1SPEWds" target="_blank"><strong>MOTEUR DE RECHERCHE - &Eacute;DUCATION ET &Eacute;CRITURE</strong> Canal-U TV (Qu&eacute;bec) - juin 2015</a></li>\r\n<li><a href="http://bit.ly/1HutA6H" target="_blank"><strong>Apprendre &agrave; &eacute;crire dans un monde de tablettes</strong> Radio-Canada (BC) &ndash; avril 2015</a></li>\r\n<li><a href="http://bit.ly/1sfg1hx" target="_blank"><strong>&Agrave; quoi &ccedil;a sert si les stylos disparaissent &agrave; tout jamais?</strong> Le Devoir (Qu&eacute;bec) - d&eacute;cembre 2014</a></li>\r\n</ul>\r\n<ul class="news_list">\r\n<li><a href="http://bit.ly/1W1WLFn" target="_blank"><strong>&Eacute;criture &agrave; la main </strong> L''&eacute;mission Metro Morning de la cha&icirc;ne radio 1 de Radio-Canada &ndash; 13 juillet 2015</a> (en anglais)</li>\r\n<li><a href="http://bit.ly/1INA6XG" target="_blank"><strong>&Agrave; la d&eacute;fense de l''&eacute;criture cursive</strong> Chathamthisweek.com &ndash; 28 mai 2015 </a> (en anglais)</li>\r\n<li><a href="http://bit.ly/1P6Os6g" target="_blank"><strong>L&rsquo;&eacute;criture cursive : Oui, elle est toujours importante!</strong> Hermagazine.ca &ndash; 26 mars 2015 </a> (en anglais)</li>\r\n</ul>\r\n<ul class="news_list">\r\n<li><a href="http://on.thestar.com/1FMsv8X" target="_blank"><strong>Comment les parents peuvent-ils emp&ecirc;cher leurs enfants de r&eacute;gresser dans leurs &eacute;tudes cet &eacute;t&eacute;? </strong> Thestar.com &ndash;31 mai 2015</a> (en anglais)</li>\r\n<li><a href="http://bit.ly/1vWa3Cz" target="_blank"><strong>L&rsquo;&eacute;criture manuelle ou la dactylographie ? La plume est-elle toujours plus forte que le clavier? </strong> TheGuardian.com &ndash; 16 d&eacute;cembre 2014 </a> (en anglais)</li>\r\n<li><a href="http://huff.to/1CHka49" target="_blank"><strong>Les avantages d&rsquo;&eacute;crire avec un bon vieux stylo </strong> TheHuffingtonPost.com &ndash; 12 septembre 2014</a> (en anglais)</li>\r\n</ul>\r\n</div>\r\n</div>\r\n</div>', '3', '2016-07-26 07:09:26', '2016-07-26 07:09:26', '2016-07-26 07:09:26', 1, 0, 1, NULL, NULL),
(48, 'Terms And Conditions', 'terms-and-conditions', 'terms-and-conditions', '<div class="contents">\r\n<h3>Terms and Conditions</h3>\r\n<div class="row">\r\n<div class="col-lg-8 col-md-8 col-lg-offset-2 col-md-offset-2">\r\n<p>We hope you&rsquo;ll find our website useful and informative. Please visit often and tell your friends about us. All we ask in return is that you abide by the Terms and Conditions that follow. Please read them carefully, because when you use our site, you automatically agree to them.</p>\r\n<p>BIC Inc. (&ldquo;BIC&rdquo;) maintains its websites as a service to the Internet community.&nbsp;These terms of use explain how you may use this website (the &ldquo;Site&rdquo;). References in these terms to the Site includes the following website: BICFightForYourWrite.ca and all associated web pages. Access to and use of BICFightForYourWrite.ca is subject to the terms and conditions set forth herein and all applicable laws. BIC may revise these terms and conditions from time to time by updating this posting. You should read these terms and conditions carefully before using the Site. By accessing or using this Site or otherwise indicating your consent, you agree to be bound by these terms and conditions and the documents referred to in them. If you do not agree with or accept any of these terms, you should cease using the Site immediately.</p>\r\n<p>These terms include our Privacy Policy, available at BICFightForYourWrite.ca, which shall be subject to these terms in the event of any conflict or inconsistency.&nbsp; This Site is intended for and directed to residents of Canada over the age of majority in their jurisdiction of residence.&nbsp; We seek to make this Site as accessible as possible.</p>\r\n<p>The Site is for your personal and non-commercial use only. As a condition of your use of the Site, you agree:</p>\r\n<ol style="list-style: lower-alpha;">\r\n<li>not to use the Site for any purpose that is unlawful under applicable law, or prohibited by these terms and conditions;</li>\r\n<li>not to make available to any third party or otherwise publish, distribute, download, modify, edit, reuse, repost, reproduce, transmit, perform, display, deep-link, create derivative works from or exploit in any way the Site or its text, images, video, audio or other multimedia content, software or other information or material submitted to, subsisting on or accessible from the Site (&ldquo;Content&rdquo;) except as permitted by us under these terms or as expressly provided under applicable law;</li>\r\n<li>not to post or transmit any offensive, harmful, unlawful, threatening, libelous, defamatory, obscene, abusive, hateful, inflammatory, discriminatory, pornographic or profane material or any material that could constitute or encourage conduct that would be considered a criminal offense, give rise to civil liability, or would otherwise violate the law, all as determined by BIC in its sole and absolute discretion;</li>\r\n<li>not to use the Site to distribute viruses or malware or other similar harmful software code;</li>\r\n<li>not to represent or suggest that we endorse any other business, product or service unless we have separately agreed to do so in writing; and</li>\r\n<li>that you are solely responsible for all costs and expenses you may incur in relation to your use of the Site.</li>\r\n</ol>\r\n<p>We reserve the right to prevent or suspend your access to the Site if you do not comply with any part of these terms and conditions or any applicable law and to take such action as we deem appropriate in cases where BIC websites are used to disseminate materials in contravention of the these terms and conditions.</p>\r\n<p>This Site and all intellectual property rights in the Site (including without limitation any Content) are owned by BIC, our affiliates, subsidiaries and related companies and/or our licensors or joint venture partners. BIC and our licensors reserve all our intellectual property rights (which include without limitation all copyright, trademarks, domain names, design rights, database rights, patents and all other intellectual property rights of any kind) whether registered or unregistered anywhere in the world.&nbsp;</p>\r\n<p>Nothing contained on the Site shall be construed as granting, by implication, estoppel or otherwise, any license or right to use any trademark without our prior written permission and nothing in these terms and conditions grants you any rights in the Site and/or the Content other than as necessary to enable you to access the Site. You agree not to, nor attempt to, to circumvent or delete any intellectual property notices contained on the Site and in particular in any digital rights or other security technology embedded or contained within any Site Content.&nbsp; The distribution, downloading, editing, modification, reuse, reproduction, reposting, transmission, performance, display or other uses of these trademarks or any other materials, except as permitted herein, is expressly prohibited and may be in violation of copyright law, trademark law, the law of slander or libel, the law of privacy and publicity, and communications regulations and statutes. Further, please be advised that BIC actively and aggressively enforces its intellectual property rights to the fullest extent of the law.</p>\r\n<p>BIC will use reasonable efforts to include accurate and up-to-date information on the Site, but BIC makes no warranties or representations as to its accuracy (whether expressly or by implication) or that any Content is or remains available accurate, complete and up to date, free from bugs, errors or omissions or fit or suitable for any purpose.&nbsp; Any reliance you may place on the information on this Site is at your own risk and we may suspend or terminate operation of the Site, or any portion of the Site, at any time at our sole discretion. Nothing in these terms and conditions shall operate to prejudice any mandatory statutory requirement or your statutory rights. Content on the Site is provided for your general information purposes only and to inform you about us and our products and news, features, services and other websites, which may be of interest.</p>\r\n<p>All users agree that all access and use of the Site and the content thereof is at your own risk. Neither BIC nor any party involved in creating, producing or delivering the Site shall be liable for any direct, incidental, consequential, indirect or punitive damages arising out of your access, use or inability to use the Site, or any errors or omissions in the content thereof.</p>\r\n<p>TO THE EXTENT PERMITTED BY THE APPLICABLE LAW, THE SITE AND ALL INFORMATION CONTAINED ON OR ACCESSED FROM THE SITE IS PROVIDED ON AN &ldquo;AS IS&rdquo; AND &ldquo;AS AVAILABLE&rdquo; BASIS, AND WITHOUT ANY REPRESENTATIONS, WARRANTIES OR CONDITIONS OF ANY KIND, WHETHER EXPRESS OR IMPLIED. ALL CONDITIONS, REPRESENTATIONS AND WARRANTIES, WHETHER EXPRESS, IMPLIED, STATUTORY OR OTHERWISE ARE HEREBY DISCLAIMED TO THE FULLEST EXTENT PERMITTED BY LAW.</p>\r\n<p>WITHOUT LIMITING THE GENERALITY OF THE FOREGOING, BIC MAKES NO REPRESENTATION OR WARRANTY THAT: (I) THE SITE WILL BE COMPATIBLE WITH YOUR COMPUTER AND SOFTWARE; (II) THE SITE WILL BE AVAILABLE OR WILL FUNCTION WITHOUT INTERRUPTION OR ERROR; (III) THE USE OF THE SITE, INCLUDING, WITHOUT LIMITATION, THE BROWSING AND DOWNLOADING OF ANY INFORMATION, WILL BE FREE OF ANY VIRUSES, TROJAN HORSES, WORMS OR OTHER DESTRUCTIVE, INTRUSIVE OR DISRUPTIVE COMPONENTS; (IV) THE TRANSMISSION OF INFORMATION TO AND FROM THE SITE WILL BE SECURE; (V) THE USE OF THE SITE WILL NOT INFRINGE THE RIGHTS (INCLUDING, WITHOUT LIMITATION, INTELLECTUAL PROPERTY RIGHTS) OF ANY PERSON; OR (VI) THE USE OF THE SITE WILL NOT CAUSE ANY DAMAGE TO YOUR COMPUTER SYSTEMS, SOFTWARE OR ELECTRONIC FILES.</p>\r\n<p>COMMENTS OR OPINIONS EXPRESSED ON THE SITE ARE THOSE OF THE RESPECTIVE SITE USERS ONLY. THE VIEWS EXPRESSED ON THE SITE AND IN USER SUBMITTED CONTENT DO NOT NECESSARILY REPRESENT OR REFLECT THE VIEWS OF BIC. BIC IS NOT RESPONSIBLE FOR, AND DISCLAIMS ALL LIABILITY IN RELATION TO, ANY USER CONTENT POSTED, UPLOADED OR OTHERWISE SUBMITTED TO OR THROUGH THE SITE.</p>\r\n<p>BIC makes no warranties or representations about any non-BIC website which you may access.&nbsp; BIC has no control over links made to BIC websites by third parties. When you access a non-BIC website, please understand that it is independent from BIC. BIC cannot monitor or review the content of all websites and assumes no responsibility or liability arising from the content of such off-site pages.</p>\r\n<p>Furthermore, BIC does not endorse or accept any responsibility for the content or the use of a third-party website that has linked to the BIC website or that is linked from the BIC Website. We have no control over the privacy practices of such websites. You should review BIC&rsquo;s Privacy Policy and the privacy policy of any other website you visit. It is up to each user to take whatever precautions are necessary to ensure Internet use which is free of offensive materials. Your linking to any off-site pages is at your own risk.</p>\r\n<p>For users who are not individuals resident in the province of Quebec, these terms and conditions shall be construed in accordance with and governed by the laws in effect within the Province of Ontario.&nbsp;For individuals resident in the province of Quebec, these terms and conditions shall be construed in accordance with and governed by the laws in effect within the Province of Quebec. These terms and conditions are dated as of the date set out below. No changes to these terms are valid or have any effect unless agreed by us in writing. We reserve the right to vary these terms and conditions from time to time. Our new terms will be displayed on the Site and by continuing to use and access the Site following such changes, you agree to be bound by any variation made by us. It is your responsibility to check these terms and conditions from time to time to verify such variations.</p>\r\n<p>If any provision of these terms and conditions is held invalid or unenforceable by any court having competent jurisdiction, such provision shall be enforced to the maximum extent permitted by law, and the remaining provisions of these terms and conditions shall continue in full force and effect. No failure to exercise or waiver of any provision of these terms and conditions shall be deemed a further or continuing waiver of such provision or any other provision of these terms and conditions. These terms and conditions are binding upon you, your heirs, executors, beneficiaries, successors and assigns and you may not assign this agreement to any other party without our prior written consent, which consent may be withheld in our sole and absolute discretion.</p>\r\n<p><strong>General Terms and Conditions of Submissions to </strong><strong>BICFightForYourWrite.ca</strong><strong>: </strong></p>\r\n<p><strong>1. You are responsible for what you post.</strong> All video, photographs, comments and/or blog postings and submissions to BIC are the sole responsibility of their submitter and the submitter will take full responsibility, liability, and blame for any libel, litigation or claims that result from the submitter''s video, photograph, comments and/or postings, submissions to BIC, and/or something spoken and/or written in or as a direct result of something spoken and/or written in a comment and/or posting of any kind.</p>\r\n<p><strong>2. BIC requests that you do not post anything that could be offensive to others.</strong> You may not post or submit to BIC content that you do not have rights to and/or that is libelous, defamatory, insulting, threatening, obscene, harassing, abusive, discriminatory, that violates a third party''s right to privacy, that violates any other applicable local, provincial/territorial, federal or international law, or is otherwise inappropriate, all as determined by BIC in its sole and absolute discretion. You must have consent from any person who appears in or is identified in any content you submit and/or the consent of their parent or legal guardian if they are a minor. Furthermore, you may not post or submit to BIC content that degrades others on the basis of gender, race, class, ethnicity, national origin, religion, sexual preference, disability or other classification. BIC reserves the right to remove, edit, or modify, any and all postings and reject submissions that are found to be offensive and/or that do not comply with the terms and conditions of this Site. BIC also reserves the right to terminate access to this Site, or any of its walls, blog(s), and/or websites or take other protective steps as it deems necessary in its sole and absolute discretion.</p>\r\n<p><strong>3. Posting of writings, photographs / videos. </strong>You may only post or submit to BIC for posting writings, photographs and/or videos of content that you have created and have full rights to. BIC reserves the right to remove, edit, or modify any all writings, photographs and/or videos and reject submissions that do not comply with these terms and conditions.</p>\r\n<p><strong>4. Ownership and confidentiality of information.</strong> You may only post or submit to BIC information in accordance with, and not in violation of, applicable trademark, trade name, trade dress, trade secret, service mark, copyright, patent, right of privacy, and other intellectual property laws. You further certify that the information you post or submit to BIC will not infringe upon or violate the intellectual property rights of any other party. Anything you post to the BICFightForYourWrite.ca website or submit to BIC is provided by you on a NON-CONFIDENTIAL BASIS, and BIC has no obligation to keep such information confidential, refrain from using such information, or to compensate you for the receipt or use of such information. BIC is free to use, for any purpose whatsoever, any information you post on a BICFightForYourWrite.ca website or submit to BIC. You hereby RELEASE BIC from any liability under any legal theory in connection with the use, modification, sale or disclosure of any information. Please remember that any information that you choose to disclose or post on a public area of the BICFightForYourWrite.ca website may appear publically on the Site, and may be viewed by other visitors to the Site. You should exercise caution when deciding to disclose your personal information. Once posted, you cannot change or remove any public postings</p>\r\n<p><strong>5. We may ask for your name and e-mail address when you post a submission of any kind.</strong> On a BICFightForYourWrite.ca website, users are identified by name and, as such, we suggest designating only your first name. Your e-mail address will not be published but will be used to possibly contact you in relation to your submissions, postings and/or comment(s). Please view our privacy policy on BICFightForYourWrite.ca for more detail.</p>\r\n<p><strong>6. No posting of harmful content.</strong> You agree that you will not upload, post, e-mail or otherwise transmit information that contains harmful content, including, without limitation, viruses, Trojan horses, worms, time bombs, cancel bots, spy-ware, or any other files, software programs, or technology that is designed or intended to disrupt, interrupt, damage, destroy, intercept, or limit the functionality of any computer software or hardware or telecommunications equipment or otherwise perform a malicious action.</p>\r\n<p><strong>7. You License to BIC.</strong> By using the Site and providing BIC with any content or information, you: (i) grant to BIC a world-wide, perpetual, irrevocable, transferable, sub-licensable, royalty-free, non-exclusive, and unrestricted license to copy, reproduce, adapt, transmit, edit, modify, or otherwise use, publicly display, distribute, translate and create compilations and derivative works from, any and all content or information (in any format or media) that you post on, upload or otherwise submit to or through, the Site; and (ii) waive all moral rights in and to all content or information that you post on, upload or otherwise submit to or through, the Site in favour of BIC.&nbsp; For greater certainty, this means that, among other things, BIC has the right to use any and all ideas you submit (including ideas about our products, services, publications or advertising campaigns) in any manner that we choose, without any notice or obligation to you whatsoever.</p>\r\n<p><strong>8. Notice and Procedure for making Infringement Claims.</strong> You agree that you will not upload, post or otherwise transmit any communications or content of any type that infringe or violate any rights of any party. If you believe any material available via this Site infringes a copyright or other right, you should notify BIC using the Contact Us tab or link on our Site and provide a detailed description of the material claimed to be infringing.&nbsp;</p>\r\n<p>July 2015</p>\r\n</div>\r\n</div>\r\n</div>', '1', '2016-07-26 07:12:30', '2016-07-26 07:12:30', '2016-07-26 07:12:30', 1, 0, 1, NULL, NULL);
INSERT INTO `bic_ffyw_page_item` (`id`, `name`, `slug`, `code`, `description`, `locale_id`, `created_at`, `updated_at`, `published_at`, `creator_id`, `is_deleted`, `is_enabled`, `ordering_weight`, `params`) VALUES
(49, 'Conditions', 'terms-and-conditions', 'terms-and-conditions', '<div class="contents">\r\n<h3>Conditions</h3>\r\n<div class="row">\r\n<div class="col-lg-8 col-md-8 col-lg-offset-2 col-md-offset-2">\r\n<p>Nous esp&eacute;rons que vous trouverez notre site Web utile et instructif. Veuillez nous rendre visite souvent et en informer vos amis. En retour, nous vous demandons de respecter les conditions ci-dessous. Veuillez les lire attentivement, car en utilisant notre site Web, vous consentez automatiquement &agrave; vous y conformer.</p>\r\n<p>BIC Inc. (&laquo;&nbsp;BIC &raquo;) maintient ses sites Web &agrave; titre de service &agrave; la communaut&eacute; Internet. Les pr&eacute;sentes conditions d''utilisation expliquent comment vous pouvez utiliser ce site Web (le &laquo; site&nbsp;&raquo;). Les r&eacute;f&eacute;rences au site dans ces conditions comprennent le site Web suivant&nbsp;: BICFightForYourWrite.ca et toutes les pages Web associ&eacute;es. L''acc&egrave;s au site BICFightForYourWrite.ca et son utilisation sont assujetties aux conditions et modalit&eacute;s &eacute;nonc&eacute;es dans les pr&eacute;sentes et &agrave; toutes les lois applicables. BIC peut proc&eacute;der &agrave; la modification de ces conditions de temps &agrave; autre en mettant &agrave; jour cette publication. Vous devez lire attentivement ces conditions avant d''utiliser le site. En acc&eacute;dant &agrave; ce site ou en l''utilisant ou en indiquant autrement votre consentiment, vous acceptez d''&ecirc;tre li&eacute; par les pr&eacute;sentes conditions et par les documents vis&eacute;s qui y figurent. Si vous n''acceptez pas l''une quelconque de ces conditions, vous devez cesser imm&eacute;diatement d''utiliser ce site.</p>\r\n<p>Les pr&eacute;sentes conditions comprennent notre Politique de confidentialit&eacute;, disponible sur BICFightForYourWrite.ca, est soumise &agrave; ces conditions en cas de conflit ou de divergence.. Ce site Internet est con&ccedil;u pour et s''adresse aux r&eacute;sidents du Canada qui ont&nbsp; atteint l''&acirc;ge de la majorit&eacute; dans leur province ou territoire de r&eacute;sidence. Nous cherchons &agrave; rendre ce site aussi accessible que possible.</p>\r\n<p>Le pr&eacute;sent site se destine uniquement &agrave; votre usage personnel et &agrave; un usage non commercial. Comme condition de votre utilisation du site, vous convenez de ce qui suit&nbsp;:</p>\r\n<ol style="list-style: lower-alpha;">\r\n<li>de ne pas utiliser ce site &agrave; des fins ill&eacute;gales en vertu des lois applicables ou &agrave; des fins interdites par les pr&eacute;sentes conditions;</li>\r\n<li>de ne pas mettre &agrave; la disposition &agrave; des tiers ou autrement publier, distribuer, t&eacute;l&eacute;charger, modifier, &eacute;diter, r&eacute;utiliser, rediffuser, reproduire, transmettre, ex&eacute;cuter, afficher, ajouter de lien profond, g&eacute;n&eacute;rer des &oelig;uvres d&eacute;riv&eacute;es ou exploiter de quelque mani&egrave;re que ce soit le site ou ses textes, images, vid&eacute;os, fichiers sonores ou autres contenus multim&eacute;dias, logiciels ou autres informations ou mat&eacute;riels soumis &agrave;, inclus sur ou accessibles &agrave; partir du site (le &laquo;&nbsp;contenu&nbsp;&raquo;) sauf si permis par nous en vertu des pr&eacute;sentes conditions ou express&eacute;ment pr&eacute;vus en vertu des lois applicables;</li>\r\n<li>de ne pas afficher ou transmettre tout mat&eacute;riel qui est offensant, nocif, ill&eacute;gal, mena&ccedil;ant, diffamatoire, obsc&egrave;ne, abusif, haineux, incendiaire, discriminatoire, pornographique ou blasph&eacute;matoire ou tout mat&eacute;riel susceptible de constituer ou d''encourager une conduite qui serait consid&eacute;r&eacute;e comme une offense criminelle, donnerait lieu &agrave; une responsabilit&eacute; civile, ou d''une autre mani&egrave;re violerait la loi;</li>\r\n<li>de ne pas utiliser le site pour diffuser des virus ou des logiciels malveillants ou tout autre code logiciel nuisible semblable;</li>\r\n<li>de ne pas repr&eacute;senter ou sugg&eacute;rer que nous approuvons tout autre entreprise, produit ou service sauf accord contraire &eacute;crit de notre part;</li>\r\n<li>que vous &ecirc;tes seul responsable de l''ensemble des frais et des d&eacute;penses que vous pourriez engager en lien avec votre utilisation du site.</li>\r\n</ol>\r\n<p>Nous nous r&eacute;servons le droit d''emp&ecirc;cher ou de suspendre votre acc&egrave;s au site si vous ne consentez pas &agrave; respecter l''une quelconque de ces conditions ou modalit&eacute;s ou &agrave; vous conformer &agrave; toute loi applicable et nous nous r&eacute;servons le droit de prendre les mesures que nous jugeons appropri&eacute;es dans les cas o&ugrave; les sites BIC sont utilis&eacute;s pour diffuser du mat&eacute;riel en contravention aux pr&eacute;sentes interdictions.</p>\r\n<p>Ce site et tous les droits de propri&eacute;t&eacute; intellectuelle li&eacute;s au site (y compris, sans s''y limiter, tout contenu) sont la propri&eacute;t&eacute; de BIC, de nos soci&eacute;t&eacute;s affili&eacute;es, filiales et autres entit&eacute;s assci&eacute;es et/ou nos conc&eacute;dants de licence ou partenaires commerciaux. BIC et nos conc&eacute;dants de licence se r&eacute;servent tous nos droits de propri&eacute;t&eacute; intellectuelle (qui comprennent, sans toutefois s''y limiter, tous les droits d''auteur, marques de commerce, noms de domaines, droits de conception, droits de base de donn&eacute;es, brevets et tout autre droit de propri&eacute;t&eacute; intellectuelle de quelque nature) qu''ils soient enregistr&eacute;s ou non n''importe o&ugrave; dans le monde.</p>\r\n<p>Rien de ce qui est sur ce site ne devrait &ecirc;tre interpr&eacute;t&eacute; comme donnant par implication, un estoppel ou autrement, une licence ou un droit d''utilisation de toute marque de commerce sans notre permission &eacute;crite pr&eacute;alable et rien dans les pr&eacute;sentes conditions ne vous accorde aucun droit sur le site et/ou le contenu autre que celui qui est n&eacute;cessaire pour vous permettre d''acc&eacute;der au site. Vous vous engagez &agrave; ne pas, et &agrave; ne pas essayer, de contourner ou de supprimer tout avis de propri&eacute;t&eacute; intellectuelle figurant sur le site et en particulier tous droits num&eacute;riques ou autres technologies de s&eacute;curit&eacute; int&eacute;gr&eacute;es ou incorpor&eacute;es dans tout contenu du site. La diffusion, le t&eacute;l&eacute;chargement, l''&eacute;dition, la modification, la r&eacute;utilisation, la reproduction, la rediffusion, la transmission, l''ex&eacute;cution, l''affichage ou toute autre utilisation de ces marques de commerce ou de tout autre mat&eacute;riel, sauf si les pr&eacute;sentes l''autorisent, est express&eacute;ment interdit et peut contrevenir &agrave; la loi sur les droits d''auteur, &agrave; la loi sur la diffamation, &agrave; la loi sur le respect de la vie priv&eacute;e et la publicit&eacute;, ainsi qu&rsquo;aux r&egrave;glements et lois sur les communications. En outre, veuillez noter que BIC exerce activement et pleinement ses droits de propri&eacute;t&eacute; intellectuelle avec toute la rigueur de la loi.</p>\r\n<p>BIC fera tous les efforts raisonnables pour inclure de l''information exacte et &agrave; jour sur le site, mais BIC ne fait aucune garantie ou repr&eacute;sentation quant &agrave; l''exactitude (express&eacute;ment ou implicitement) de l''information fournie, ni &agrave; la disponibilit&eacute;, &agrave; la fiabilit&eacute;, &agrave; l''int&eacute;gralit&eacute; et &agrave; la mise &agrave; jour de tout contenu ou que ledit contenu soit exempt de bogues, d''erreurs, de d&eacute;fauts ou d''omissions ou qu''il soit adapt&eacute; &agrave; un usage particulier. Toute confiance que vous t&eacute;moignez &agrave; l''information sur ce site est &agrave; vos propres risques, et nous pouvons suspendre ou bloquer le fonctionnement du site en tout temps et &agrave; notre discr&eacute;tion. Rien dans les pr&eacute;sentes conditions ne doit avoir des effets pr&eacute;judiciables sur tout droit statutaire obligatoire ou sur vos droits statutaires. Le contenu du site est fourni uniquement &agrave; titre d''information g&eacute;n&eacute;rale et dans le but de vous informer sur nous et sur nos produits, actualit&eacute;s, offres sp&eacute;ciales et services ainsi que sur d''autres sites Web pouvant vous int&eacute;resser.</p>\r\n<p>Tous les utilisateurs conviennent que tout acc&egrave;s et toute utilisation du site et de son contenu sont &agrave; vos propres risques. Ni BIC ni aucune partie impliqu&eacute;e dans la cr&eacute;ation, la production ou la livraison du site ne saurait &ecirc;tre tenue responsable de tous dommages directs, accessoires, cons&eacute;cutifs, indirects ou de tous dommages-int&eacute;r&ecirc;ts punitifs d&eacute;coulant de l''acc&egrave;s au site, de son utilisation ou de l''impossibilit&eacute; de l''utiliser, ou toutes erreurs ou omissions dans son contenu.</p>\r\n<p>DANS LA MESURE PERMISE PAR LA LOI APPLICABLE, LE SITE AINSI QUE TOUS LES RENSEIGNEMENTS QU''IL CONTIENT OU QUI SONT ACCESSIBLES &Agrave; PARTIR DU SITE SONT FOURNIS &laquo;&nbsp;TEL QUEL&nbsp;&raquo; ET &laquo;&nbsp;TEL QUE DISPONIBLE&nbsp;&raquo; ET SANS AUCUNE REPR&Eacute;SENTATION, GARANTIE OU CONDITION DE QUELQUE NATURE QUE CE SOIT, QU''ELLE SOIT EXPRESSE OU IMPLICITE. TOUTES LES CONDITIONS, REPR&Eacute;SENTATIONS ET GARANTIES, QU''ELLES SOIENT EXPRESSES, IMPLICITES OU STATUTAIRES OU AUTRES, SONT PAR LES PR&Eacute;SENTES D&Eacute;CLIN&Eacute;ES DANS TOUTE LA MESURE PERMISE PAR LA LOI.</p>\r\n<p>SANS RESTREINDRE LA PORT&Eacute;E G&Eacute;N&Eacute;RALE DE CE QUI PR&Eacute;C&Egrave;DE, BIC NE FAIT AUCUNE REPR&Eacute;SENTATION OU GARANTIE QUE&nbsp;: (I) LE SITE SERA COMPATIBLE AVEC VOTRE ORDINATEUR OU VOS LOGICIELS; (II) LE SITE SERA TOUJOURS DISPONIBILIT&Eacute; OU SON FONCTIONNEMENT SERA ININTERROMPU ET EXEMPT DE TOUTE ERREUR; (III) L''UTILISATION DU SITE, Y COMPRIS MAIS SANS S''Y LIMITER, LA NAVIGATION SUR LE SITE ET LE T&Eacute;L&Eacute;CHARGEMENT DE SON CONTENU SERA EXEMPTE DE VIRUS, CHEVAUX DE TROIE, VERS INFORMATIQUES OU AUTRES &Eacute;L&Eacute;MENTS DESTRUCTIFS OU NUISIBLES; (IV) LA TRANSMISSION DE RENSEIGNEMENTS VERS ET EN PROVENANCE DU SITE SERA S&Eacute;CURITAIRE; (V) L''UTILISATION DU SITE NE VIOLERA AUCUN DROIT (Y COMPRIS MAIS SANS S''Y LIMITER, DES DROITS DE PROPRI&Eacute;T&Eacute; INTELLECTUELLE) DE QUICONQUE; OU (VI) L''UTILISATION DU SITE N&rsquo;ENDOMMAGERA PAS VOS SYST&Egrave;MES INFORMATIQUES, LOGICIELS OU FICHIERS &Eacute;LECTRONIQUES.</p>\r\n<p>BIC ne fait aucune garantie ou repr&eacute;sentation concernant tout site Web qui n''appartient pas &agrave; BIC auquel vous pouvez acc&eacute;der. BIC n''a aucun contr&ocirc;le sur les hyperliens vers les sites Web de BIC qui ont &eacute;t&eacute; &eacute;tablis par des tiers. Lorsque vous acc&eacute;dez &agrave; un site Web qui n''appartient pas &agrave; BIC, soyez conscient que cet autre site est ind&eacute;pendant de BIC. BIC ne peut pas surveiller ou examiner le contenu de tous les sites Web et n''assume aucune responsabilit&eacute; ou obligation d&eacute;coulant du contenu de ces pages hors-site.</p>\r\n<p>En outre, BIC n''avalise ni n&rsquo;accepte aucune responsabilit&eacute; pour le contenu ou l''utilisation d''un site Web qui a &eacute;tabli un hyperlien avec le site Web de BIC. Nous n''avons aucun contr&ocirc;le sur les pratiques en mati&egrave;re de respect de la vie priv&eacute;e d''autres sites qui ont &eacute;tabli un lien avec le site de BIC. Vous devriez passer en revue la politique de confidentialit&eacute; de BIC et celle de tout autre site li&eacute; au site BIC. Il incombe &agrave; chaque utilisateur de prendre toutes les pr&eacute;cautions n&eacute;cessaires pour s&rsquo;assurer que son utilisation d''Internet n''inclut pas de mat&eacute;riel offensant. En suivant des hyperliens &agrave; d''autres pages hors-site, vous naviguez &agrave; vos propres risques.</p>\r\n<p>Pour les utilisateurs qui ne r&eacute;sident pas dans la province de Qu&eacute;bec, les pr&eacute;sentes conditions sont r&eacute;gies et interpr&eacute;t&eacute;es par les lois en vigueur dans la province de l''Ontario. Pour les utilisateurs qui r&eacute;sident dans la province de Qu&eacute;bec, ces conditions sont r&eacute;gies et interpr&eacute;t&eacute;es par les lois en vigueur dans la province de Qu&eacute;bec. Les pr&eacute;sentes conditions portent la date mentionn&eacute;e ci-dessous. Aucune modification de ces conditions n&rsquo;est valable ou n''a aucun effet sauf si convenu par &eacute;crit de notre part. Nous nous r&eacute;servons le droit de modifier lesdites conditions de temps en temps. Nous afficherons toutes nouvelles conditions sur le site; en continuant d''acc&eacute;der au site et de l''utiliser suite &agrave; de telles modifications, vous acceptez d''&ecirc;tre li&eacute; par toute modification faite par nous. Il vous incombe de consulter ces conditions de temps en temps pour v&eacute;rifier de telles variations.</p>\r\n<p>Si l''une quelconque des dispositions dans ces conditions est jug&eacute;e nulle ou non ex&eacute;cutoire par un tribunal comp&eacute;tent, ladite disposition sera appliqu&eacute;e dans toute la mesure permise par la loi et les autres dispositions demeureront en vigueur et de plein effet. La non-ex&eacute;cution ou la renonciation &agrave; une disposition des pr&eacute;sentes conditions ne peuvent &ecirc;tre consid&eacute;r&eacute;es comme une renonciation ult&eacute;rieure ou continue &agrave; ladite disposition ou &agrave; une autre disposition des pr&eacute;sentes. Ces conditions vous lient, ainsi que vos h&eacute;ritiers, vos ex&eacute;cuteurs testamentaires, vos b&eacute;n&eacute;ficiaires, vos successeurs et vos ayants droit, et vous ne pouvez c&eacute;der cette entente &agrave; toute autre partie sans notre accord &eacute;crit pr&eacute;alable, lequel peut &ecirc;tre refus&eacute; &agrave; notre seule et absolue discr&eacute;tion.</p>\r\n<h3>Conditions g&eacute;n&eacute;rales touchant les soumissions au site BICFightForYourWrite.ca&nbsp;:</h3>\r\n<p><strong>1. Vous &ecirc;tes responsable de ce que vous affichez sur le site.</strong> Tous les vid&eacute;os, photographies, commentaires et/ou publications de contenu de blogue ou soumissions &agrave; BIC sont l''enti&egrave;re responsabilit&eacute; du fournisseur du contenu et le fournisseur assume toute responsabilit&eacute;, obligation et bl&acirc;me pour tout libelle, litige ou poursuite d&eacute;coulant de l&rsquo;affichage de tous vid&eacute;os, photographies, commentaires et/ou publications ou soumissions &agrave; BIC par le fournisseur et/ou de toute communication verbale et/ou &eacute;crite dans et/ou comme cons&eacute;quence directe de toute communication verbale et/ou &eacute;crite dans un commentaire et/ou contenu affich&eacute; de quelque nature que ce soit.</p>\r\n<p><strong>2. BIC vous demande de ne pas afficher tout contenu qui pourrait &ecirc;tre jug&eacute; comme offensant par une autre personne.</strong> Il est vous interdit de publier ou de soumettre &agrave; BIC tout contenu auquel vous n''avez pas les droits et/ou qui est calomnieux, diffamatoire, insultant, mena&ccedil;ant, obsc&egrave;ne, harcelant, abusif ou discriminatoire, qui viole le droit &agrave; la vie priv&eacute;e de tout tiers, qui enfreint toute autre loi locale, provinciale/territoriale, f&eacute;d&eacute;rale ou internationale applicable ou qui est &agrave; tout le moins inappropri&eacute;, selon ce qui est d&eacute;termin&eacute; par BIC &agrave; sa seule et absolue discr&eacute;tion. Vous devez avoir obtenu le consentement de toute personne qui est mentionn&eacute;e ou identifi&eacute;e dans tout contenu que vous soumettez et/ou le consentement de son parent ou tuteur l&eacute;gal s&rsquo;il s&rsquo;agit d&rsquo;un mineur. En outre, vous n''avez pas le droit d&rsquo;afficher ou de soumettre &agrave; BIC tout contenu qui d&eacute;grade autrui sur la base du sexe, de la race, de la classe sociale, de l''ethnicit&eacute;, de l''origine nationale, de la religion, de la pr&eacute;f&eacute;rence sexuelle, d''un handicap ou de toute autre autre cat&eacute;gorie. BIC se r&eacute;serve le droit de supprimer, de modifier ou de r&eacute;viser tout contenu affich&eacute; de quelque nature que ce soit et de rejeter tout contenu soumis qui s&rsquo;est av&eacute;r&eacute; offensant et/ou qui ne se conforme pas aux conditions du pr&eacute;sent site Web. De m&ecirc;me, BIC se r&eacute;serve le droit de r&eacute;silier tout acc&egrave;s &agrave; ce site Web, &agrave; l&rsquo;un quelconque de ses murs, blogues et/ou autres sites Web ou de prendre des mesures protectrices qu&rsquo;elle juge n&eacute;cessaires, &agrave; sa seule et absolue discr&eacute;tion.</p>\r\n<p><strong>3. Affichage de tout contenu r&eacute;dig&eacute;, de photographies et de vid&eacute;os. </strong> Vous &ecirc;tes en droit d&rsquo;afficher ou de soumettre &agrave; BIC uniquement du contenu r&eacute;dig&eacute;, des photographies ou des vid&eacute;os que vous avez cr&eacute;&eacute;s vous-m&ecirc;me et auxquels vous d&eacute;tenez les pleins droits. BIC se r&eacute;serve le droit de supprimer, de modifier ou de rejeter tout contenu r&eacute;dig&eacute; et/ou toutes photographies et/ou tous vid&eacute;os soumis qui ne se conforment pas aux pr&eacute;sentes conditions.</p>\r\n<p><strong>4. Propri&eacute;t&eacute; et confidentialit&eacute; de l''information.</strong> Vous &ecirc;tes en droit d&rsquo;afficher ou de soumettre &agrave; BIC uniquement de l''information conforme, et qui ne contrevient pas, &agrave; toutes lois applicables touchant les marques commerciales, noms commerciaux, robes de commerce,&nbsp; secrets commerciaux, copyrights, brevets ou lois applicables relatives &agrave; la protection de la vie priv&eacute;e et autres lois relatives &agrave; la propri&eacute;t&eacute; intellectuelle. Vous certifiez en outre que l''information que vous affichez ou soumettez &agrave; BIC n''enfreindra ni ne violera les droits de propri&eacute;t&eacute; intellectuelle de toute autre partie. Tout contenu que vous affichez sur le site BICFightForYourWrite.ca ou que vous soumettez &agrave; BIC est fourni par vous &Agrave; TITRE NON CONFIDENTIEL et BIC n''a aucune obligation de garder confidentielle une telle information, de s''abstenir d&rsquo;en faire usage, ou de vous indemniser pour la r&eacute;ception ou l&rsquo;usage d&rsquo;une telle information. La soci&eacute;t&eacute; BIC sera libre d&rsquo;utiliser sans restriction &agrave; quelque fin que ce soit toute information que vous affichez sur le site BICFightForYourWrite.ca ou que vous soumettez &agrave; BIC. Par les pr&eacute;sentes, vous D&Eacute;GAGEZ BIC de toute responsabilit&eacute; concernant toute th&eacute;orie l&eacute;gale relative &agrave; l''utilisation, la modification, la vente ou la divulgation de toute information. Veuillez noter que toute information que vous choisissez de divulguer ou d&rsquo;afficher dans la section publique du site Web BICFightForYourWrite.ca peut &ecirc;tre diffus&eacute;e au grand public et peut &ecirc;tre visionn&eacute;e par d&rsquo;autres visiteurs sur le site. Vous devez faire preuve de prudence lorsque vous d&eacute;cidez de divulguer vos renseignements personnels. Une fois que votre information personnelle est affich&eacute;e sur le site, il vous sera impossible de modifier ou de supprimer tout &eacute;l&eacute;ment de telle information publi&eacute;e.</p>\r\n<p><strong>5.</strong> <strong>Nous pourrions vous demander de nous fournir vos nom et adresse &eacute;lectronique lors de toute soumission de contenu de quelque nature que ce soit.</strong> Sur tout site BICFightForYourWrite.ca, on identifie les utilisateurs par leur nom et par cons&eacute;quent, nous vous sugg&eacute;rons de vous identifier uniquement par votre pr&eacute;nom. Votre adresse &eacute;lectronique ne sera pas publi&eacute;e, mais il est possible que nous nous en servions afin de vous contacter &agrave; l&rsquo;&eacute;gard de vos soumissions, affichages et/ou commentaires. Pour de plus amples renseignements, veuillez consulter notre D&eacute;claration sur la protection des renseignements personnels sur le site BICFightForYourWrite.ca.</p>\r\n<p><strong>6. D&eacute;fense d&rsquo;afficher tout contenu pr&eacute;judiciable</strong>. Vous acceptez de ne pas t&eacute;l&eacute;charger, afficher, envoyer par courriel ou autrement transmettre toute information qui contient du contenu nuisible, y compris mais sans s''y limiter, des virus, chevaux de Troie, vers informatiques, bombes &agrave; retardement, robots d''annulation, logiciels espion ou d&rsquo;autres fichiers, progiciels ou technologies con&ccedil;us ou pr&eacute;vus pour perturber, interrompre, endommager, d&eacute;truire ou limiter le fonctionnement de tout logiciel ou mat&eacute;riel informatique ou mat&eacute;riel de t&eacute;l&eacute;communications ou autrement ex&eacute;cuter des actions malveillantes.</p>\r\n<p><strong>7. Vous octroyez une licence &agrave; BIC.</strong> En utilisant ce site et en fournissant &agrave; BIC tout contenu ou information, vous&nbsp;: i) octroyez &agrave; BIC une licence mondiale, perp&eacute;tuelle, irr&eacute;vocable, cessible, sous-licenciable, exempte de redevances, non exclusive et sans restriction pour copier, reproduire, adapter, transmettre, &eacute;diter, modifier ou autrement utiliser, exposer publiquement, diffuser, traduire et cr&eacute;er des compilations ou d''autres &oelig;uvres d&eacute;riv&eacute;es &agrave; partir de tel contenu ou information en tout ou en partie (dans tout format ou support) que vous affichez, t&eacute;l&eacute;chargez ou autrement soumettez sur ou par l&rsquo;entremise du site; et ii) renoncez aux droits moraux sur et &agrave; tout contenu ou information que vous affichez, t&eacute;l&eacute;chargez ou autrement soumettez sur ou par l&rsquo;entremise du site, en faveur de BIC. Pour plus de certitude, ceci signifie que, entre autres, BIC a le droit d&rsquo;utiliser toutes les id&eacute;es que vous soumettez (y compris les id&eacute;es sur nos produits, services, publications ou campagnes publicitaires) de quelque fa&ccedil;on que ce soit, et ce, sans pr&eacute;avis ni obligation de quelque nature envers vous.</p>\r\n<p><strong>8. Notification et proc&eacute;dure d''all&eacute;gation de violation des droits.</strong> Vous acceptez de ne pas t&eacute;l&eacute;charger, afficher, ni autrement transmettre toute communication ou tout contenu de quelque nature que ce soit enfreignant les droits de toute personne ou entit&eacute;. Si vous croyez que tout mat&eacute;riel disponible sur le pr&eacute;sent site viole tout droit d''auteur ou autre droit de propri&eacute;t&eacute;, vous devez en aviser BIC &agrave; l&rsquo;aide de l&rsquo;onglet ou lien Nous joindre sur notre site et fournir une description d&eacute;taill&eacute;e du mat&eacute;riel faisant l''objet de la pr&eacute;tendue infraction.</p>\r\n<p>Juillet 2015</p>\r\n</div>\r\n</div>\r\n</div>', '3', '2016-07-26 07:13:40', '2016-07-26 07:13:40', '2016-07-26 07:13:40', 1, 0, 1, NULL, NULL),
(50, 'Privacy Policy', 'privacy-policy', 'privacy-policy', '<div class="contents">\r\n<h3>Privacy Policy</h3>\r\n<div class="row">\r\n<div class="col-lg-8 col-md-8 col-lg-offset-2 col-md-offset-2">\r\n<h4>1. Privacy Statement</h4>\r\n<p>BIC Inc. (&ldquo;BIC&rdquo;, &ldquo;we,&rdquo; &ldquo;us,&rdquo; &ldquo;our&rdquo;) is committed to protecting your online privacy when visiting our BICFightForYourWrite.ca (the &ldquo;Website&rdquo;). By using the Website, you consent to this online privacy policy (the &ldquo;Privacy Policy&rdquo;) which is provided to inform you about the types of personal information we gather about you when you visit the Website, how we use that information, whether we disclose it to anyone, and the choices you have regarding our use of the information. Personal information refers to any personally identifiable information about you. It does not include aggregate information that does not identify you specifically.</p>\r\n<p>With the exception of Website usage information, IP addresses and cookies, no personal information is automatically collected from visitors to the BICFightForYourWrite.ca website. Any other personal information you may provide will be on a voluntary basis.</p>\r\n<p>You may at any time withdraw or change your consent to our use or disclosure of your personal information, or request that we to delete it from BIC&rsquo;s files, subject to legal and contractual restrictions. However, if you do not provide personal information required for us to supply you with a service offered on the Website, (for example, to receive emails from BIC) we may not be able to provide that service to you.</p>\r\n<p>BIC does not use this Website to knowingly solicit personal information from or to market to persons under the age of majority. &nbsp;If a child has provided us with personal information, his or her parent or guardian may contact us for the purpose of deleting this information.</p>\r\n<h4>2. What Personal Information Do We Collect?</h4>\r\n<p>When visiting our Website, we may collect information from you, including information regarding your use of the Website, and the computer used by you to access the Website, for example, your IP address, which the pages you view and which links you click.&nbsp; Any other personal information you may provide will be on a voluntary basis.&nbsp; If you sign up to receive future emails from us, personal information that we collect may include your name, email address and province or territory of residence.&nbsp; We will only send you future emails in compliance with the applicable laws, and you will always have the opportunity to &ldquo;unsubscribe&rdquo; from receiving commercial emails from us at any time.&nbsp; If you enter into our contests or promotions you may be asked for personal information that may include your name, date of birth, address, city, province of residence, postal code, email address and telephone number.&nbsp; Access to such information is limited to only those employees and representatives of BIC or an agency working on BIC&rsquo;s behalf who need to use it in the course of their assigned responsibilities.</p>\r\n<h4>3. Cookies, web beacons and similar technologies</h4>\r\n<p>We may place on your computer information and code (including text files called &ldquo;cookies&rdquo;) for later retrieval. The information and code are collected and used for the purpose of providing products and services, evaluating, and improving, use of the Website, and otherwise operating BIC&rsquo;s business, and enable the Website to recognize you as a prior user, provide the Website with information regarding your prior use, and assist BIC in determining what portions of the Website are most appropriate for you. Our cookies cannot retrieve any other data from your hard drive or pass on a computer virus. BIC uses so-called permanent cookies which will be saved on your browser for an extended period of time, unless you delete them sooner, and so-called session cookies which will be deleted when your browser is closed. Your web browser may provide you with the ability to not accept cookies. However, in order to take full advantage of the Website, BIC recommends that you accept cookies from the Website. BIC does not use cookies to examine other web sites you may have visited before or after leaving the Website.</p>\r\n<p>We may use Google Analytics or other third party analytic tools to analyze user behavior which allows us to measure consumer interest in the various areas of our Website for product and Website development purposes. These third party analytic tools tell us aggregate and collected information such as, how the site was accessed and how long visitors stayed.&nbsp; This information is used for our own internal purposes to improve the content of this Website, to enhance users&rsquo; experience when visiting our Website, and to customize the content and/or layout of our pages.&nbsp; All information of user behavior described herein will be recorded on a group basis, and such analysis may be shared with our Website development consultants. This information is aggregated and not personally identifiable. To learn more about Google Analytics and how it uses your data, please visit <a href="http://www.google.com/analytics/learn/privacy.html" target="_blank">http://www.google.com/analytics/learn/privacy.htm</a>.</p>\r\n<h4>4. How is Your Personal Information Used?</h4>\r\n<p>We may use your personal information for the following purposes:</p>\r\n<ol start="1" type="1">\r\n<li>to respond to your requests for products, services or information;</li>\r\n<li>to improve products and services and better understand your needs, including through customer surveys;</li>\r\n<li>to improve our Website &ndash; we continually strive to improve our website offerings based on the information and feedback we receive from you;</li>\r\n<li>to increase your awareness of BIC brand products and services;</li>\r\n<li>to administer and to facilitate your entry and participation in contests, promotions and other activities operated through the Website;</li>\r\n<li>If you have won, or may be a candidate for winning, a prize through a contest or other online promotion pursuant to the terms, rules or other entry guidelines of a promotion operated through the Website, to administer or provide you with updates about that contest;</li>\r\n<li>to include you in advertising or marketing campaigns to offer you BIC''s or other products or services;</li>\r\n<li>if we become involved in a transaction to sell all or parts of our business or assets or merge with other businesses, as customer information may be part of such transactions, we may use or disclose this information to other parties involved in the transaction;</li>\r\n<li>to assist you with posting links or content from this website to social media platforms including Twitter and Facebook;</li>\r\n<li>If you choose to sign BIC&rsquo;s online pledge to help save handwriting, we will publically post your first name, the first initial of your last name, city and province on the pledge and we will identify on our map the total number of signatures we have received from each city and province ;</li>\r\n<li>To carry out other purposes that are disclosed to you and to which you consent; and</li>\r\n<li>To carry out any other purpose permitted or required by law.</li>\r\n</ol>\r\n<h4>5. Social Media Applications</h4>\r\n<p>You may have the opportunity to utilize applications on third party social media websites and services like Facebook. Consequently, you may share your personal information with that third party social media service provider and they may share data with us. In the event that you choose to provide your information to a third party social media service provider, your information will be governed by the policies of those service providers. We don''t exercise control over third party social media service providers. Those service providers may place their own cookies or other files on your computer, solicit personal information from you and follow different rules regarding the use of the information you submit to them. We encourage you to read the privacy policies or statements of the other websites you visit.</p>\r\n<h4>6. Links to or From Other Web Sites</h4>\r\n<p>As a convenience to visitors, our Website may contain links to third party websites that we do not own or operate. We are not responsible for the content or information collection practices of third party websites. If you visit another site, we recommend that you review their privacy policy<strong>. </strong></p>\r\n<h4>7. Disclosure To Third Parties</h4>\r\n<p>We do not sell, trade, or otherwise transfer to outside parties your personal information. This does not include trusted third parties who assist us in operating our Website, conducting our business, including administering promotions, sending emails you have opted in to receive, or serving you, so long as those parties agree to keep this information secure and confidential. Third party providers maintain the information they need to perform their designated functions and we do not authorize such parties to use or disclose personal information for their own marketing or other purposes.&nbsp;We may also release your personal information when we believe release is permitted by or appropriate to comply with the law (for example, in response to a search warrant or other legally valid inquiry or order, or to an investigative body in the case of a breach of an agreement or contravention of law, or as otherwise required or permitted by applicable Canadian or other law), to enforce our Website policies, to exercise or a defend legal claims or to protect ours or others rights, property, or safety. We may also disclose your personal information for any other purpose to which you consent. However, non-personally identifiable visitor information may be provided to other parties for marketing, advertising, or other uses.</p>\r\n<p>Please note that your personal information may be maintained and processed by service providers located in foreign jurisdictions, including in the United States, whose data protection laws may differ from the jurisdiction in which you live.&nbsp;</p>\r\n<h4>8. Security of Your Personal Information</h4>\r\n<p>We have policies and procedures and physical, organizational, and technological safeguards in place to protect your personal information from loss, unauthorized access, modification or disclosure. In addition, we have implemented technological safeguards including security software, passwords and firewalls intended to prevent unauthorized computer access. No claim is made as to the impenetrability of the system under unusual circumstance or its resilience to future attacks.</p>\r\n<h4>9. Transfer and Storage of Information.</h4>\r\n<p>Your personal information is stored at secure locations and on servers located in Chicago, Illinois . Any electronic records generated by us or our service providers during the course of your interactions with the Website may be maintained on those servers. As such, your personal information will be disclosed, processed and stored outside Canada, and therefore may be available to government authorities under lawful orders and laws applicable there. We retain your personal information as long as is required for the purposes identified when you provided the personal information and for any new purposes identified and consented to by you, and for an appropriate time thereafter.</p>\r\n<h4>10. Accessing and Correcting your Personal Information</h4>\r\n<p>You may obtain information and address questions about the privacy policies and practices relating to handling of your personal information by contacting us by the method set out below.</p>\r\n<p>Likewise, if you would like to access your personal information, or if you would like to ask to have it corrected, please contact us using the contact information provided below.</p>\r\n<p>We will use reasonable efforts to comply with your request; however, in some cases we may not be able to allow you to access certain personal information in certain circumstances, for example if it contains personal information of other persons, or for legal reasons.</p>\r\n<h4>11. Contact Us</h4>\r\n<p>If you choose to use the Contact Us function, you may be transferred to our affiliate website where you will be asked to voluntarily provide personal information including your name, e-mail address and mailing address so that we may contact you to respond to your comments, questions, or requests for information. Please note that affiliate websites may maintain their own privacy policies, which we recommend that you review prior to providing your personal information.</p>\r\n<h4>12. Questions Regarding This Privacy Policy</h4>\r\n<p>Questions regarding this Privacy Policy the collection, accuracy, use or disclosure of your personal information, or about your personal information that we have on record, or to correct, amend or delete your personal information, or any other questions regarding this Website may be directed to:</p>\r\n<p>BIC Inc., <br /> Attn: Privacy Officer, Consumer Affairs, <br /> 155 Oakdale Road, Toronto, ON M3M 1W2. &nbsp;&nbsp;<br /> <a href="mailto:%50%72%69%76%61%63%79%4F%66%66%69%63%65%72%2E%54%6F%72%6F%6E%74%6F%40%62%69%63%77%6F%72%6C%64%2E%63%6F%6D">PrivacyOfficer.Toronto@bicworld.com</a></p>\r\n<h4>13. Changes To This Privacy Policy</h4>\r\n<p>We may update our Privacy Policy from time to time at our discretion and will post an updated copy of the Privacy Policy on this page. You should periodically check the Website for changes to this Privacy Policy. All changes will become effective once posted on this page. Your continued access to and/or use of the Website after any such changes constitutes your acceptance of, and agreement to, this Privacy Policy, as revised.</p>\r\n<p>July 2015</p>\r\n</div>\r\n</div>\r\n</div>', '1', '2016-07-26 07:15:07', '2016-07-26 07:15:07', '2016-07-26 07:15:07', 1, 0, 1, NULL, NULL);
INSERT INTO `bic_ffyw_page_item` (`id`, `name`, `slug`, `code`, `description`, `locale_id`, `created_at`, `updated_at`, `published_at`, `creator_id`, `is_deleted`, `is_enabled`, `ordering_weight`, `params`) VALUES
(51, 'Politique de confidentialité', 'privacy-policy', 'privacy-policy', '<div class="contents">\r\n<h3>Politique de confidentialit&eacute;</h3>\r\n<div class="row">\r\n<div class="col-lg-8 col-md-8 col-lg-offset-2 col-md-offset-2">\r\n<h4>1. D&eacute;claration sur la protection des renseignements personnels</h4>\r\n<p>Le pr&eacute;sent site Web est destin&eacute; et s''adresse aux r&eacute;sidents du Canada ayant atteint l''&acirc;ge de la majorit&eacute;. BIC Inc. (&laquo; BIC&nbsp;&raquo;, &laquo;&nbsp;nous&nbsp;&raquo;, &laquo;&nbsp;notre&nbsp;&raquo;) s''engage &agrave; prot&eacute;ger votre droit &agrave; la vie priv&eacute;e en ligne en visitant notre site www.BICFightForYourWrite.ca (le &laquo;&nbsp;site Web &raquo;). En utilisant ce site Web, vous consentez &agrave; la pr&eacute;sente Politique de confidentialit&eacute; en ligne (la &laquo;&nbsp;Politique de confidentialit&eacute;&nbsp;&raquo;), laquelle est mise &agrave; votre disponibilit&eacute; afin de vous informer sur les types de renseignements personnels que nous recueillons lors e votre visite du site Web, comment nous utilisons ces renseignements et si nous avons l''intention de les divulguer ou non &agrave; qui que ce soit, ainsi que les choix dont vous disposez quant &agrave; notre utilisation de ces renseignements. L''expression &laquo;&nbsp;renseignements personnels&nbsp;&raquo; renvoie &agrave; l''information nominative sur vous. Les renseignements personnels ne comprennent pas de l''information agr&eacute;g&eacute;e ne permettant pas de vous identifier personnellement.</p>\r\n<p>&Agrave; l''exception des directives d''utilisation du site Web, des adresses IP et des t&eacute;moins (&laquo;&nbsp;cookies&nbsp;&raquo;), aucun renseignement personnel n''est automatiquement recueilli sur les visiteurs sur le site www.BICFightForYourWrite.ca. Tout autre renseignement personnel que vous pourriez nous fournir se fait sur une base volontaire.</p>\r\n<p>Vous pouvez en tout temps retirer ou modifier votre consentement &agrave; l''utilisation ou &agrave; la divulgation de vos renseignements personnels ou nous demander de supprimer ces renseignements de nos fichiers, sous r&eacute;serve de restrictions juridiques ou contractuelles. Cependant, si vous ne nous fournissez pas les renseignements personnels requis afin de nous permettre de vous fournir un service offert sur le site Web (par exemple, recevoir des courriels de BIC), nous pourrions ne pas &ecirc;tre en mesure de vous fournir le service en question.</p>\r\n<p>BIC n''utilise pas ce site Web en vue de solliciter sciemment des renseignements personnels aupr&egrave;s des personnes mineures ou de faire de la publicit&eacute; aupr&egrave;s d''elles. Si un enfant nous a fourni des renseignements personnels, son parent ou tuteur est en droit de nous contacter afin de faire supprimer ces renseignements.</p>\r\n<h4>2. Quels renseignements personnels recueillons-nous?</h4>\r\n<p>Lorsque vous visitez notre site Web, nous pouvons recueillir des renseignements personnels aupr&egrave;s de vous, y compris des donn&eacute;es sur votre utilisation du site Web, le type d&rsquo;ordinateur utilis&eacute; pour acc&eacute;der au site, votre adresse IP, les pages que vous visitez et les liens cliqu&eacute;s. Tout autre renseignement personnel que vous nous fournissez se fait sur une base volontaire. Si vous vous inscrivez pour recevoir nos courriels &agrave; l&rsquo;avenir, les renseignements personnels que nous recueillons peuvent inclure vos nom, adresse &eacute;lectronique et province ou territoire de r&eacute;sidence. Nous vous enverrons uniquement des courriels en conformit&eacute; avec les lois applicables et vous aurez toujours l''occasion de vous d&eacute;sabonner n&rsquo;importe quand afin de ne plus en recevoir. Si vous vous inscrivez &agrave; nos concours ou promotions, il se peut aussi qu''on vous demande des renseignements personnels qui pourraient inclure vos nom, date de naissance, adresse, ville, province ou territoire de r&eacute;sidence, code postal, adresse &eacute;lectronique et num&eacute;ro de t&eacute;l&eacute;phone. L&rsquo;acc&egrave;s &agrave; de tels renseignements recueillis est limit&eacute; aux employ&eacute;s et repr&eacute;sentants de BIC ou d&rsquo;une agence qui travaille pour le compte de BIC et qui en ont besoin dans l''ex&eacute;cution de leurs t&acirc;ches assign&eacute;es.</p>\r\n<h4>3. T&eacute;moins, balises et technologies semblables</h4>\r\n<p>Nous pouvons placer sur votre ordinateur certaines informations ainsi que des codes (y compris de petits fichiers texte appel&eacute;s &laquo;&nbsp;t&eacute;moins&nbsp;&raquo;) pour une utilisation ult&eacute;rieure. Ces informations et ces codes sont recueillis et utilis&eacute;s dans le but de fournir des produits et services, d''&eacute;valuer et d''am&eacute;liorer l''utilisation du site Web ou autrement le commerce de BIC, de permettre au site Web de vous reconna&icirc;tre comme un utilisateur ant&eacute;rieur, de fournir au site des renseignements sur votre utilisation ant&eacute;rieure et d''aider BIC &agrave; d&eacute;terminer quelles parties du site vous conviennent le mieux. Notre t&eacute;moin n''a pas la capacit&eacute; d''extraire d''autres donn&eacute;es de votre disque dur ni de transmettre un virus informatique. BIC utilise des t&eacute;moins soi-disant permanents qui sont m&eacute;moris&eacute;s sur votre navigateur pour une p&eacute;riode prolong&eacute;e &agrave; moins que vous ne d&eacute;cidiez de les supprimer plus t&ocirc;t, ainsi que des t&eacute;moins volatils ou t&eacute;moins de session qui seront supprim&eacute;s lorsque vous fermez votre navigateur. Votre navigateur peut &ecirc;tre configur&eacute; pour ne pas accepter de t&eacute;moins en provenance du site Web. BIC n''utilise pas de t&eacute;moins pour examiner d''autres sites Web que vous aurez pu visiter avant ou apr&egrave;s votre session sur le site BIC.</p>\r\n<p>Nous pouvons nous servir de Google Analytics ou d''autres outils d''analyse tiers pour analyser le comportement des utilisateurs et de mesurer l''int&eacute;r&ecirc;t suscit&eacute; par les diff&eacute;rentes parties de notre site Web aux fins de d&eacute;veloppement de nos produits et de notre site. De tels outils d''analyse tiers nous fournissent de l''information agr&eacute;g&eacute;e ou recueillie, telle que le mode d''acc&egrave;s au site et la dur&eacute;e des visites. Ce genre d''information sert nos objectifs internes, notamment comment am&eacute;liorer le contenu du site ainsi que l''exp&eacute;rience des visiteurs sur notre site et comment personnaliser le contenu et la pr&eacute;sentation des pages du site. Toutes les donn&eacute;es sur le comportement des utilisateurs telles que d&eacute;crites seront enregistr&eacute;es par groupes et une telle analyse peut &ecirc;tre partag&eacute;e avec nos consultants en d&eacute;veloppement de sites Web. Ces donn&eacute;es sont agr&eacute;g&eacute;es et ne sont pas personnellement identifiables. Afin d''apprendre davantage sur Google Analytics et les fa&ccedil;ons dont cet outil utilise vos donn&eacute;es personnelles, veuillez vous rendre sur <a href="http://www.google.com/analytics/learn/privacy.html" target="_blank">http://www.google.com/analytics/learn/privacy.html</a>.</p>\r\n<h4>4. Comment vos renseignements personnels sont-ils utilis&eacute;s?</h4>\r\n<p>Nous pouvons utiliser vos renseignements personnels aux fins suivantes :</p>\r\n<ol>\r\n<li>r&eacute;pondre &agrave; vos demandes de produits, de services ou de renseignements;</li>\r\n<li>am&eacute;liorer nos produits et services et mieux comprendre vos besoins, y compris par le biais de sondages effectu&eacute;s aupr&egrave;s des consommateurs;</li>\r\n<li>am&eacute;liorer notre site Web - nous nous effor&ccedil;ons toujours d''am&eacute;liorer les offres sur notre site en fonction de l''information et de la r&eacute;troaction que vous nous fournissez;</li>\r\n<li>vous sensibiliser davantage aux produits et services de marque BIC;</li>\r\n<li>administrer et faciliter votre inscription et votre participation aux concours, aux promotions et &agrave; d''autres activit&eacute;s sur le site Web;</li>\r\n<li>vous fournir des nouvelles ou des mises &agrave; jour si vous &ecirc;tes gagnant ou candidat pour gagner un prix par le biais d''un concours ou d''une autre promotion ou activit&eacute; offerte sur le site Web, moyennant les conditions, les r&egrave;gles ou d''autres lignes directrices de participation relatives &agrave; de tels concours ou promotions affich&eacute;s en ligne;</li>\r\n<li>vous inclure dans des campagnes de publicit&eacute; ou de marketing afin de vous offrir des produits ou services de BIC ou d''une autre marque;&nbsp;</li>\r\n<li>Si nous nous engageons dans une transaction d''affaires pour vendre l&rsquo;ensemble ou des parts de notre soci&eacute;t&eacute; ou fusionner avec d''autres entreprises, &eacute;tant donn&eacute; que cela peut inclure de l''information sur la client&egrave;le, il est possible que nous utilisions ou divulguions cette information &agrave; d''autres parties impliqu&eacute;es dans la transaction;</li>\r\n<li>vous aider &agrave; afficher des hyperliens ou du contenu de ce site Web sur les plateformes des m&eacute;dias sociaux, y compris Twitter et Facebook;</li>\r\n<li>Si vous optez pour signer l&rsquo;engagement en ligne de BIC pour sauver l&rsquo;&eacute;criture, nous publierons votre pr&eacute;nom et la premi&egrave;re lettre de votre nom de famille, ainsi que la ville et la province indiqu&eacute;es sur le formulaire d&rsquo;engagement. De plus, nous identifierons sur une carte le nombre total de signatures re&ccedil;ues pour chaque ville et province;</li>\r\n<li>r&eacute;aliser d&rsquo;autres objectifs qui vous seront communiqu&eacute;es et auxquels vous devez consentir;</li>\r\n<li>r&eacute;aliser tout autre objectif permis ou exig&eacute; par la loi.</li>\r\n</ol>\r\n<h4>5. Applications des m&eacute;dias sociaux</h4>\r\n<p>Si vous utilisez des applications sur les sites de services de m&eacute;dias sociaux tiers comme Facebook, il est possible que vous partagiez vos renseignements personnels sur de tels sites ou services tiers qui, &agrave; leur tour, pourraient partager ces donn&eacute;es avec nous. Si vous d&eacute;cidez de fournir vos renseignements personnels au prestateur de services de m&eacute;dias sociaux tiers, vos donn&eacute;es seront r&eacute;gies par les politiques de tels prestateurs de services. Il nous est impossible d''exercer un contr&ocirc;le sur les prestateurs de services de m&eacute;dias sociaux tiers. Ces prestateurs de services peuvent placer leurs propres t&eacute;moins ou d''autres fichiers sur votre ordinateur, vous demander des renseignements personnels ou appliquer des r&egrave;gles diff&eacute;rentes concernant l''utilisation des renseignements que vous leur soumettez. Nous vous encourageons &agrave; lire les politiques de confidentialit&eacute; ou les d&eacute;clarations sur la protection de la vie priv&eacute;e des autres sites Web que vous visitez.</p>\r\n<h4>6. Liens vers ou en provenance d''autres sites Web</h4>\r\n<p>Afin de rendre service &agrave; nos visiteurs, notre site Web peut contenir des liens vers des sites Web de tiers qui ne nous appartiennent pas et que nous n''exploitons pas. Si vous visitez d''autres sites, nous vous recommandons de prendre connaissance de leur politique de confidentialit&eacute;.</p>\r\n<h4>7. Divulgation &agrave; des tiers</h4>\r\n<p>Nous ne vendons pas, ne faisons pas le commerce ni ne transf&eacute;rons d''aucune mani&egrave;re &agrave; des tiers vos renseignements personnels. Cela ne comprend pas les tiers de confiance qui nous aident dans l''exploitation de notre site Web et de notre entreprise, y compris l''administration des promotions, l''envoi de courriels que vous avez choisi de recevoir et les services aux utilisateurs, pourvu que ces tiers conviennent de garder cette information en s&eacute;curit&eacute; et confidentielle. Les fournisseurs tiers gardent l''information dont ils ont besoin pour l''exercice de leurs fonctions et nous n''autorisons pas de tels tiers &agrave; utiliser ni divulguer ces renseignements personnels &agrave; leurs propres fins ou autrement. Nous pouvons &eacute;galement divulguer des renseignements personnels quand nous estimons qu''une telle divulgation est n&eacute;cessaire ou appropri&eacute;e dans la mesure permise par la loi ou pour respecter les exigences de la loi (par exemple, en r&eacute;ponse &agrave; tout mandat de perquisition ou autre requ&ecirc;te ou ordonnance ou &agrave; tout autre organisme d''enqu&ecirc;te en cas de rupture d''un contrat ou d''infraction &agrave; la loi, ou lorsque permis ou exig&eacute; autrement par les lois canadiennes applicables ou d''autres lois applicables) pour mettre en application nos politiques relatives &agrave; notre site Web, exercer ou d&eacute;fendre des droits juridiques ou prot&eacute;ger nos droits, propri&eacute;t&eacute; ou s&eacute;curit&eacute; ou ceux d''autrui. Nous pouvons aussi divulguer vos renseignements personnels pour toute autre fin &agrave; laquelle vous consentez. Cependant, des renseignements non personnellement identifiables des visiteurs du site Web peuvent &ecirc;tre fournis &agrave; des tiers pour des raisons de commercialisation, de publicit&eacute; ou autres.</p>\r\n<p>Veuillez remarquer que vos renseignements personnels peuvent &ecirc;tre conserv&eacute;s et trait&eacute;s par des fournisseurs de services situ&eacute;s dans des juridictions &eacute;trang&egrave;res, y compris aux &Eacute;tats-Unis, o&ugrave; les lois sur la protection des donn&eacute;es peuvent &ecirc;tre diff&eacute;rentes de celles de la juridiction o&ugrave; vous r&eacute;sidez.</p>\r\n<h4>8. S&eacute;curit&eacute; de vos renseignements personnels</h4>\r\n<p>Nous avons mis en place des politiques et proc&eacute;dures ainsi que des mesures de s&eacute;curit&eacute; mat&eacute;rielles, organisationnelles et technologiques afin de prot&eacute;ger vos renseignements personnels contre la perte, l''acc&egrave;s non autoris&eacute;, la modification ou la divulgation. De plus, nous avons mis en place des mesures de protection technologiques, y compris des logiciels de s&eacute;curit&eacute;, des mots de passe et des pare-feux con&ccedil;us pour emp&ecirc;cher l''acc&egrave;s informatique non autoris&eacute;. Nous ne faisons aucune revendication quant &agrave; l''opacit&eacute; actuelle du syst&egrave;me dans des conditions inhabituelles ou quant &agrave; sa r&eacute;silience face aux attaques futures.</p>\r\n<h4>9. Transfert et archivage des renseignements</h4>\r\n<p>Vos renseignements personnels sont stock&eacute;s dans des lieux s&eacute;curis&eacute;s et sur des serveurs situ&eacute;s &agrave; Chicago dans l&rsquo;&eacute;tat d&rsquo;Illinois. Tous les documents &eacute;lectroniques produits par nous ou par nos prestateurs de service au cours de vos interactions avec le site Web peuvent &ecirc;tre gard&eacute;s sur ces serveurs. &Agrave; cet effet, vos renseignements personnels peuvent &ecirc;tre divulgu&eacute;s, trait&eacute;s et stock&eacute;s &agrave; l''ext&eacute;rieur du Canada et deviennent donc disponibles aux autorit&eacute;s gouvernementales am&eacute;ricaines en vertu de tout ordre l&eacute;gal et des lois applicables dans cette juridiction. Nous conservons vos renseignements personnels aussi longtemps que cela est n&eacute;cessaire aux fins indiqu&eacute;es par vous lorsque vous avez fourni lesdits renseignements personnels et &agrave; toutes nouvelles fins sp&eacute;cifi&eacute;es par vous et auxquelles vous avez consenti, et ce, pendant une p&eacute;riode appropri&eacute;e ult&eacute;rieurement.</p>\r\n<h4>10. Acc&egrave;s &agrave; vos renseignements personnels et leur rectification</h4>\r\n<p>Vous pouvez obtenir de l&rsquo;information et poser des questions &agrave; l&rsquo;&eacute;gard des politiques de confidentialit&eacute; et des pratiques relatives au traitement de vos renseignements personnels en communiquant avec nous de la mani&egrave;re indiqu&eacute;e ci-dessous.</p>\r\n<p>De m&ecirc;me, si vous d&eacute;sirez acc&eacute;der &agrave; vos renseignements personnels ou que vous aimiez demander qu''on les rectifie, veuillez nous contacter&nbsp; &agrave; l&rsquo;aider des coordonn&eacute;es indiqu&eacute;es ci-dessous.</p>\r\n<p>Nous d&eacute;ployerons tous les efforts raisonnables pour satisfaire &agrave; votre demande. Toutefois, il est possible que, dans certains circonstances, nous ne puissions vous donner acc&egrave;s &agrave; certains renseignements vous concernant pour des raisons de nature l&eacute;gale, par exemple, si de tels renseignements contiennent des donn&eacute;es sur d''autres personnes.</p>\r\n<h4>11. Nous joindre</h4>\r\n<p>Si vous choisissez d&rsquo;utiliser la fonction Nous joindre, il est possible que vous soyez redirig&eacute; sur le site de notre affili&eacute; o&ugrave; l''on vous demandera de fournir &agrave; titre volontaire des renseignements personnels, y compris vos nom, adresse &eacute;lectronique et adresse postale pour que nous puissions vous contacter&nbsp; dans le but de r&eacute;pondre &agrave; vos commentaires, questions ou demandes d''information. Veuillez remarquer que les sites Web affili&eacute;s peuvent maintenir leurs propres politiques de confidentialit&eacute;, que nous vous recommandons de consulter avant de fournir vos renseignements personnels sur de tels sites.</p>\r\n<h4>12. Questions relatives &agrave; cette Politique de confidentialit&eacute;</h4>\r\n<p>Pri&egrave;re de faire parvenir toute question relative &agrave; la pr&eacute;sente Politique de confidentialit&eacute; en ce qui concerne la collecte, l''exactitude, l''utilisation ou la divulgation de vos renseignements personnels ou relative &agrave; vos renseignements personnels que nous avons enregistr&eacute;s, concernant la correction, la modification ou la suppression de vos renseignements personnels ou toute autre question &agrave; l''&eacute;gard de ce site Web &agrave; l''adresse suivante&nbsp;:</p>\r\n<p>BIC Inc.<br /> a/s du Responsable de la protection des renseignements personnels, Affaires des consommateurs<br /> 155, chemin Oakdale, Toronto (ON)&nbsp; M3M1W2 <br /> a/s&nbsp;<a href="mailto:%50%72%69%76%61%63%79%4F%66%66%69%63%65%72%2E%54%6F%72%6F%6E%74%6F%40%62%69%63%77%6F%72%6C%64%2E%63%6F%6D">PrivacyOfficer.Toronto@bicworld.com</a>.</p>\r\n<h4>13. Modification de cette Politique de confidentialit&eacute;</h4>\r\n<p>Nous pouvons mettre &agrave; jour notre Politique de confidentialit&eacute; de temps &agrave; autre, &agrave; notre gr&eacute;, et nous afficherons un exemplaire de la Politique de confidentialit&eacute; mise &agrave; jour sur cette page. Vous devez consulter p&eacute;riodiquement le site Web pour les mises &agrave; jour de cette Politique de confidentialit&eacute;. Toutes les modifications prennent effet d&egrave;s leur publication sur cette page. Le fait de continuer de visiter et d''utiliser ce site Web apr&egrave;s de telles modifications constitue votre acceptation et votre approbation de la pr&eacute;sente Politique de confidentialit&eacute; ainsi modifi&eacute;e.</p>\r\n<p>Juillet 2015</p>\r\n</div>\r\n</div>\r\n</div>', '3', '2016-07-26 07:16:01', '2016-07-26 07:16:01', '2016-07-26 07:16:01', 1, 0, 1, NULL, NULL),
(52, 'Write Now', 'write-now', 'write-now', '<div class="contents">\r\n<div class="doodle doodle_1"><img src="http://staging.bicfightforyourwrite.ca.en.matchmgassets.com/themes/default/images/doodle_write_now_1.png" alt="" /></div>\r\n<div class="doodle doodle_2"><img src="http://staging.bicfightforyourwrite.ca.en.matchmgassets.com/themes/default/images/doodle_write_now_2.png" alt="" /></div>\r\n<div class="doodle doodle_3"><img src="http://staging.bicfightforyourwrite.ca.en.matchmgassets.com/themes/default/images/doodle_write_now_3.png" alt="" /></div>\r\n<h3>Write Now!</h3>\r\n<h4 class="subtitle">Celebrate Writing with Fun and Creative Activities!</h4>\r\n<div class="row no_gutter">\r\n<div class="col-lg-4 col-md-4 col-lg-offset-1 col-md-offset-1">\r\n<h5>FIVE TIPS</h5>\r\n<h6>That Will Inspire Kids to Write</h6>\r\n<p>1. Set aside specific times during the week for writing stories, songs or even jokes. Let your kids use their imaginations!</p>\r\n<p>2. Have an assortment of colourful pens, pencils and markers on hand that will make kids want to spend more time writing.</p>\r\n<p>3. Make writing special for kids with their own personal table, desk, or designated area. Get them excited about their own writing space!</p>\r\n<p>4. Give kids a fun assignment that requires them to write. Make a birthday wish list or write a letter to someone famous.</p>\r\n<p>5. Make up games around writing. Practice signing their autograph to give to mom or dad.</p>\r\n</div>\r\n<div class="col-lg-2 col-md-2"><img class="vertical_divider" src="http://staging.bicfightforyourwrite.ca.en.matchmgassets.com/themes/default/images/divider_2.png" alt="" /></div>\r\n<div class="col-lg-4 col-md-4">\r\n<div class="downloadable">\r\n<div class="get_list">Get Your <em>Downloadable</em> Back to School Shopping List Here!</div>\r\n<div><a class="button_blue" href="../../uploads/BIC_BackToSchool_Checklist-fr.pdf" target="_blank">DOWNLOAD</a></div>\r\n<div class="pencil_purple"><img src="http://staging.bicfightforyourwrite.ca.en.matchmgassets.com/themes/default/images/pencil_purple.png" alt="" /></div>\r\n</div>\r\n</div>\r\n</div>\r\n</div>', '1', '2016-07-26 12:12:10', '2016-07-26 12:12:10', '2016-07-26 12:12:10', 1, 0, 1, NULL, NULL),
(53, 'Submission Content', 'submission-content', 'submission-content', '<h3 class="form-title font-5 font-size-25">Submission Guidelines:</h3>\r\n<ul>\r\n<li>Must be created and handwritten by an Eligible Child</li>\r\n<li>Must contain no more than 75 words</li>\r\n<li>Must be written on light colored 8.5&rdquo; X 11&rdquo; type paper</li>\r\n</ul>\r\n<p style="font-size: 0.8em;">See <a href="../../bic-ffyw/page/official-rules" target="_blank">Official Rules</a> for details.</p>', '1', '2016-07-26 17:29:40', '2016-07-26 17:29:40', '2016-07-26 17:29:40', 1, 0, 1, NULL, NULL),
(54, 'Submission Content', 'submission-content', 'submission-content', '<h3 class="form-title font-5 font-size-25">Directives concernant la participation :</h3>\r\n<ul>\r\n<li>Doit &ecirc;tre cr&eacute;&eacute;e et &eacute;crite &agrave; la main par un Enfant admissible</li>\r\n<li>Doit contenir un maximum de 75 mots</li>\r\n<li>Doit &ecirc;tre r&eacute;dig&eacute;e sur un papier de couleur p&acirc;le de 8,5 po X 11 po</li>\r\n</ul>\r\n<p style="font-size: 0.8em;">Consultez les <a href="../../bic-ffyw/page/official-rules" target="_blank">R&egrave;glement officiel</a> pour obtenir plus de d&eacute;tails.</p>', '3', '2016-07-26 17:30:36', '2016-07-26 17:30:36', '2016-07-26 17:30:36', 1, 0, 1, NULL, NULL),
(55, 'Extra Fun', 'extra-fun', 'extra-fun', '          \r\n                    <div class="contents">\r\n                        <div class="doodle doodle_1"><img src="http://staging.bicfightforyourwrite.ca.en.matchmgassets.com/themes/default/images/doodle_extra_fun_1.png" alt="">\r\n                        </div>\r\n                        <div class="doodle doodle_2"><img src="http://staging.bicfightforyourwrite.ca.en.matchmgassets.com/themes/default/images/doodle_extra_fun_2.png" alt="">\r\n                        </div>\r\n                        <div class="banner_extra_fun"><img src="http://staging.bicfightforyourwrite.ca.en.matchmgassets.com/themes/default/images/banner_extra_fun.png" alt="Extra-Fun"></div>\r\n                        <div class="row">\r\n                            <div class="col-lg-4 col-md-4 col-lg-offset-1 col-md-offset-1">\r\n                                <img src="http://staging.bicfightforyourwrite.ca.en.matchmgassets.com/themes/default/images/pencils_extra_fun_new.png" alt="Extra-Fun">\r\n                            </div>\r\n                            <div class="col-lg-6 col-md-6">\r\n                                <h3>Introducing NEW BIC<sup>®</sup> Extra-Fun™ Pencils</h3>\r\n                                <ul class="highlights">\r\n                                    <li>HB lead pencils in two-toned colour barrels— makes writing fun!</li>\r\n                                    <li>Ultra-solid, break-resistant leads</li>\r\n                                    <li>Easy to erase with latex-free erasers</li>\r\n                                    <li>Sharpens First Time, Every Time™</li>\r\n                                    <li>Durable – long-lasting leads and erasers</li>\r\n                                    <li>PMA Certified Non-Toxic</li>\r\n                                </ul>\r\n                            </div>\r\n                        </div>\r\n                        <div class="row feature_boxes clearfix">\r\n                            <div class="col-lg-4 col-md-4 column">\r\n                                <div class="feature_box box1">\r\n                                    <div class="inner">\r\n                                        <h4>WATCH OUR VIDEO</h4>\r\n                                        <div class="">\r\n                                            <a data-toggle="modal" data-target="#myModal" href="javascript:void(0)"><img src="http://staging.bicfightforyourwrite.ca.en.matchmgassets.com/themes/default/images/video_image.jpg" alt="video"></a>\r\n                                        </div>\r\n                                    </div>\r\n                                </div>\r\n                            </div>\r\n                            <div class="col-lg-4 col-md-4 column">\r\n                                <div class="feature_box box2">\r\n                                    <div class="inner">\r\n                                        <a data-toggle="modal" data-target="#myModal2" href="javascript:void(0)"><img src="http://staging.bicfightforyourwrite.ca.en.matchmgassets.com/themes/default/images/extrafun_block.png" alt="Meet the new"></a>\r\n                                    </div>\r\n                                </div>\r\n                            </div>\r\n                            <div class="col-lg-4 col-md-4 column">\r\n                                <div class="feature_box box3">\r\n                                    <div class="inner">\r\n                                        <h4>JOIN BIC’s MISSION TO SAVE HANDWRITING!</h4>\r\n                                        <img src="http://staging.bicfightforyourwrite.ca.en.matchmgassets.com/themes/default/images/logo_header.png" class="logo_small">\r\n                                        <div class="text">\r\n                                            Click below to see how you can get involved!\r\n                                            <a href="http://metropolis.dev-srv.net/bic-ffyw"><input type="button" class="pledge_button" value="PLEDGE NOW!"><span style="display:none">PLEDGE NOW!</span></a>\r\n                                        </div>\r\n                                    </div>\r\n                                </div>\r\n                            </div>\r\n                        </div>\r\n                    </div>\r\n                    <div class="modal fade" id="myModal" tabindex="-1" role="dialog" aria-labelledby="myModalLabel">\r\n                        <div class="modal-dialog" role="document">\r\n                            <div class="modal-content">\r\n                                <div class="modal-header">\r\n                                    <button type="button" class="close" data-dismiss="modal" aria-label="Close"><span aria-hidden="true">×</span></button>\r\n                                </div>\r\n                                <div class="modal-body">\r\n                                    <iframe width="100%" height="315" src="https://www.youtube.com/embed/GWpMlfGbj-c?rel=0&amp;controls=0&amp;showinfo=0;autoplay=0" frameborder="0" allowfullscreen=""></iframe>\r\n                                </div>\r\n                            </div>\r\n                        </div>\r\n                    </div>\r\n\r\n                    <!-- Modal -->\r\n                    <div class="modal fade" id="myModal2" tabindex="-1" role="dialog" aria-labelledby="myModalLabel">\r\n                        <div class="modal-dialog" role="document">\r\n                            <div class="modal-content">\r\n                                <div class="modal-header">\r\n                                    <button type="button" class="close" data-dismiss="modal" aria-label="Close"><span aria-hidden="true">×</span></button>\r\n                                </div>\r\n                                <div class="modal-body">\r\n                                    <img src="http://staging.bicfightforyourwrite.ca.en.matchmgassets.com/themes/default/images/extra_fun_popup.png" alt="Exta-Fun HB Pencil" style="width: 100%">\r\n\r\n                                </div>\r\n                            </div>\r\n                        </div>\r\n                    </div>', '1', '2016-07-27 08:37:14', '2016-07-27 08:37:14', '2016-07-27 08:37:14', 1, 0, 1, NULL, NULL),
(56, 'Extra Fun', 'extra-fun', 'extra-fun', '  <div class="contents">\r\n                        <div class="doodle doodle_1"><img src="http://staging.bicfightforyourwrite.ca.en.matchmgassets.com/themes/default/images/doodle_extra_fun_1.png" alt=""></div>\r\n                        <div class="doodle doodle_2"><img src="http://staging.bicfightforyourwrite.ca.en.matchmgassets.com/themes/default/images/doodle_extra_fun_2.png" alt=""></div>\r\n                        <div class="banner_extra_fun"><img src="http://staging.bicfightforyourwrite.ca.en.matchmgassets.com/themes/default/images/banner_extra_fun.png" alt="Extra-Fun"></div>\r\n                        <div class="row">\r\n                            <div class="col-lg-4 col-md-4 col-lg-offset-1 col-md-offset-1">\r\n                                <img src="http://staging.bicfightforyourwrite.ca.en.matchmgassets.com/themes/default/images/pencils_extra_fun_new.png" alt="Extra-Fun">\r\n                            </div>\r\n                            <div class="col-lg-6 col-md-6">\r\n                                <h3> Voici les NOUVEAUX crayons BIC<sup>®</sup> Extra-Fun<sup>MC</sup></h3>\r\n                                <ul class="highlights">\r\n                                    <li>Crayons à mine HB à barillet deux tons — qui font de l’écriture une activité rigolo !</li>\r\n                                    <li>Mines ultra robustes résistantes aux bris</li>\r\n                                    <li>Gommes sans latex pour un effaçage facile</li>\r\n                                    <li>Faciles à affûter du premier coup, à tout coup</li>\r\n                                    <li>Robustes avec mines et gommes durables</li>\r\n                                    <li>Certifiés non toxiques par la PMA</li>\r\n                                </ul>\r\n                            </div>\r\n                        </div>\r\n                        <div class="row feature_boxes clearfix">\r\n                            <div class="col-lg-4 col-md-4 column">\r\n                                <div class="feature_box box1">\r\n                                    <div class="inner">\r\n                                        <h4>Visionnez notre vidéo</h4>\r\n                                        <div class="">\r\n                                            <a data-toggle="modal" data-target="#myModal" href="javascript:void(0)"><img src="http://staging.bicfightforyourwrite.ca.en.matchmgassets.com/themes/default/images/video_image.jpg" alt="video"></a>\r\n                                        </div>\r\n                                    </div>\r\n                                </div>\r\n                            </div>\r\n                            <div class="col-lg-4 col-md-4 column">\r\n                                <div class="feature_box box2">\r\n                                    <div class="inner">\r\n                                        <a data-toggle="modal" data-target="#myModal2" href="javascript:void(0)"><img src="http://staging.bicfightforyourwrite.ca.en.matchmgassets.com/themes/default/images/extrafun_block.png" alt="Meet the new"></a>\r\n                                    </div>\r\n                                </div>\r\n                            </div>\r\n                            <div class="col-lg-4 col-md-4 column">\r\n                                <div class="feature_box box3">\r\n                                    <div class="inner">\r\n                                        <h4>Joignez-vous à la mission BIC de sauver l’écriture à la main !</h4>\r\n                                        <img src="http://staging.bicfightforyourwrite.ca.en.matchmgassets.com/themes/default/images/logo_header.png" class="logo_small">\r\n                                        <div class="text">\r\n                                            Cliquez ici pour voir comment vous impliquer !\r\n                                            <a href="/bic-ffyw/fr"><input type="button" class="pledge_button" value="ENGAGEZ-VOUS MAINTENANT !"><span style="display:none">ENGAGEZ-VOUS MAINTENANT !</span></a>\r\n                                        </div>\r\n                                    </div>\r\n                                </div>\r\n                            </div>\r\n                        </div>\r\n                    </div>\r\n                    <div class="modal fade" id="myModal" tabindex="-1" role="dialog" aria-labelledby="myModalLabel">\r\n                        <div class="modal-dialog" role="document">\r\n                            <div class="modal-content">\r\n                                <div class="modal-header">\r\n                                    <button type="button" class="close" data-dismiss="modal" aria-label="Close"><span aria-hidden="true">×</span></button>\r\n                                </div>\r\n                                <div class="modal-body">\r\n                                    <iframe width="100%" height="315" src="https://www.youtube.com/embed/GWpMlfGbj-c?rel=0&amp;controls=0&amp;showinfo=0;autoplay=0" frameborder="0" allowfullscreen=""></iframe>\r\n                                </div>\r\n                            </div>\r\n                        </div>\r\n                    </div>\r\n\r\n                    <!-- Modal -->\r\n                    <div class="modal fade" id="myModal2" tabindex="-1" role="dialog" aria-labelledby="myModalLabel">\r\n                        <div class="modal-dialog" role="document">\r\n                            <div class="modal-content">\r\n                                <div class="modal-header">\r\n                                    <button type="button" class="close" data-dismiss="modal" aria-label="Close"><span aria-hidden="true">×</span></button>\r\n                                </div>\r\n                                <div class="modal-body">\r\n                                    <img src="http://staging.bicfightforyourwrite.ca.en.matchmgassets.com/themes/default/images/extra_fun_popup_fr.png" alt="Exta-Fun HB Pencil" style="width: 100%">\r\n\r\n                                </div>\r\n                            </div>\r\n                        </div>\r\n                    </div>', '3', '2016-07-27 08:41:50', '2016-07-27 08:41:50', '2016-07-27 08:41:50', 1, 0, 1, NULL, NULL),
(57, 'Video Transcript', 'video-transcript', 'video-transcript', '<div class="contents">\r\n<div class="row">\r\n<div class="col-lg-8 col-md-8 col-lg-offset-2 col-md-offset-2">\r\n<h1>Video Text Transcript</h1>\r\n<div class="video_container"><iframe src="https://www.youtube.com/embed/yx6tellQ5dk?rel=0&amp;controls=0&amp;showinfo=0;autoplay=0" width="100%" height="315" frameborder="0" allowfullscreen="allowfullscreen"></iframe></div>\r\n<p>Hey, did you know that writing can make you awesome? The act of handwriting is an essential tool for learning and growth. That&rsquo;s why BiC started a mission to save handwriting. Let&rsquo;s checkout the facts.</p>\r\n<p>Interesting fact number one. Writing helps foster creativity. Look at Brian, writing took him from a pop quick to a pop star.</p>\r\n<p>Interesting fact number two. Writing can help improve critical thinking skills. Helping Meghan fly through finals.</p>\r\n<p>Interesting fact number three. Writing boosts self-confidence. For Lucy here, it took her from class clown to class president.</p>\r\n<p>Interesting fact number four. Better writers make better readers. Writing sent Alex from easy readers to epic novels.</p>\r\n<p>With all of these facts, the importance of handwriting is clear. Together let&rsquo;s see how great writing can be. How great you can be.</p>\r\n<p>Join BiC&rsquo;s mission and Fight For Your Write.</p>\r\n</div>\r\n</div>\r\n</div>', '1', '2016-07-28 16:17:24', '2016-07-28 16:17:24', '2016-07-28 16:17:24', 1, 0, 1, NULL, NULL),
(58, 'Video Transcript', 'video-transcript', 'video-transcript', '<div class="contents">\r\n<div class="row">\r\n<div class="col-lg-8 col-md-8 col-lg-offset-2 col-md-offset-2">\r\n<h1>Transcription des textes vid&eacute;o</h1>\r\n<div class="video_container"><iframe src="https://www.youtube.com/embed/GWpMlfGbj-c?rel=0&amp;controls=0&amp;showinfo=0;autoplay=0" width="100%" height="315" frameborder="0" allowfullscreen="allowfullscreen"></iframe></div>\r\n<p>Bic est en mission pour sauver l&rsquo;&eacute;criture.</p>\r\n<p>Pourquoi?</p>\r\n<p>&Eacute;crire favorise la cr&eacute;ativit&eacute;. Pour F&eacute;lix, une bonne note l&rsquo;a transform&eacute; en musicien.</p>\r\n<p>&Eacute;crire am&eacute;liore ta capacit&eacute; de r&eacute;flexion &ndash; comme Kellie, qui domine ses examens.</p>\r\n<p>&Eacute;crire augmente la confiance en soi. Lucie est pass&eacute; de clown de classe &agrave; pr&eacute;sidente de classe.</p>\r\n<p>D&eacute;couvre &agrave; quel point l&rsquo;&eacute;criture peut &ecirc;tre g&eacute;niale; &agrave; quel point tu peux &ecirc;tre g&eacute;nial.</p>\r\n<p>Accepte ta mission Bic, et exerce ton pouvoir d&rsquo;&eacute;crire !</p>\r\n</div>\r\n</div>\r\n</div>', '3', '2016-07-28 16:20:24', '2016-07-28 16:20:24', '2016-07-28 16:20:24', 1, 0, 1, NULL, NULL);

-- --------------------------------------------------------

--
-- Table structure for table `bic_ffyw_user`
--

CREATE TABLE IF NOT EXISTS `bic_ffyw_user` (
  `id` int(11) NOT NULL,
  `username` varchar(255) COLLATE utf8_unicode_ci NOT NULL,
  `email` varchar(255) COLLATE utf8_unicode_ci NOT NULL,
  `first_name` varchar(255) COLLATE utf8_unicode_ci DEFAULT NULL,
  `last_name` varchar(255) COLLATE utf8_unicode_ci DEFAULT NULL,
  `profile_id` int(11) DEFAULT NULL,
  `parent_id` int(11) DEFAULT NULL,
  `level` int(11) DEFAULT NULL,
  `password_hash` varchar(255) COLLATE utf8_unicode_ci NOT NULL,
  `password_reset_token` varchar(255) COLLATE utf8_unicode_ci DEFAULT NULL,
  `auth_key` varchar(32) COLLATE utf8_unicode_ci NOT NULL,
  `status` smallint(6) NOT NULL DEFAULT '10',
  `building_id` int(11) DEFAULT NULL,
  `created_at` datetime NOT NULL,
  `updated_at` datetime NOT NULL,
  `published_at` datetime DEFAULT NULL,
  `creator_id` int(11) NOT NULL,
  `is_deleted` tinyint(1) DEFAULT '0',
  `is_enabled` tinyint(1) DEFAULT '1',
  `ordering_weight` int(11) DEFAULT NULL,
  `params` text COLLATE utf8_unicode_ci
) ENGINE=InnoDB AUTO_INCREMENT=56 DEFAULT CHARSET=utf8 COLLATE=utf8_unicode_ci;

--
-- Dumping data for table `bic_ffyw_user`
--

INSERT INTO `bic_ffyw_user` (`id`, `username`, `email`, `first_name`, `last_name`, `profile_id`, `parent_id`, `level`, `password_hash`, `password_reset_token`, `auth_key`, `status`, `building_id`, `created_at`, `updated_at`, `published_at`, `creator_id`, `is_deleted`, `is_enabled`, `ordering_weight`, `params`) VALUES
(1, 'appadmin', 'contact@gmail.com', 'Enpii', 'Admin', NULL, NULL, NULL, '$2y$13$bs9XPVS9wth5vcQxiv0IXOMET60X39gr6WUubJzw.ydQgmIZKW23O', NULL, 'ukkBCCR5w1lCp-L42o_cw7SLf-HwfiYr', 10, NULL, '2016-07-18 23:44:24', '0000-00-00 00:00:00', NULL, 0, 0, 1, NULL, NULL),
(2, 'johndoe', 'johndoe@gmail.com', 'John', 'Doe', NULL, NULL, NULL, '$2y$13$Nk8kBeUMmOJmxF1p8rEqeOb6ORCMLtUm/it66p3/RBSOpSum7SZse', NULL, 'caOYp4Od-9kE41I_ESEk7C3EN_2yc2Ma', 10, NULL, '2016-07-18 23:44:25', '0000-00-00 00:00:00', NULL, 0, 1, 1, NULL, NULL),
(3, 'npbtrac@yahoo.com', 'npbtrac@yahoo.com', 'test f', 'Test 2', 1, NULL, NULL, '', NULL, 'z-aGfy1X5EDL79cf_-yZxEicrsONfS_9', 10, NULL, '0000-00-00 00:00:00', '0000-00-00 00:00:00', '2016-07-18 16:47:33', 1, 1, 1, NULL, NULL),
(4, 'j.bastawrous@gmail.com', 'j.bastawrous@gmail.com', 'j', 'b', 2, NULL, NULL, '', NULL, 'WX18aKE7uDPBKHcXevei_hlGK-4E7gIC', 10, NULL, '0000-00-00 00:00:00', '0000-00-00 00:00:00', '2016-07-18 23:13:06', 1, 0, 1, NULL, NULL),
(5, 'j@gmail.com', 'j@gmail.com', 'dsa', 'dsa', 3, NULL, NULL, '', NULL, 'ZMttY2A7x9dngqhkLsjy2PvdY7VVr7ji', 10, NULL, '0000-00-00 00:00:00', '0000-00-00 00:00:00', '2016-07-18 23:14:10', 1, 1, 1, NULL, NULL),
(6, 'dsasa@gmail.com', 'dsasa@gmail.com', 'a', 'd', 4, NULL, NULL, '', NULL, 'rmGQOlxpPvf10yvo7j8YobX_JHBhEA6S', 10, NULL, '0000-00-00 00:00:00', '0000-00-00 00:00:00', '2016-07-18 23:15:49', 1, 0, 1, NULL, NULL),
(7, 'test@test.com', 'test@test.com', 'Petra', 'Simpson', 5, NULL, NULL, '', NULL, 'sBlE14LWNT722AShE2nrn03fj6AH3WeN', 10, NULL, '0000-00-00 00:00:00', '0000-00-00 00:00:00', '2016-07-19 01:20:58', 1, 0, 1, NULL, NULL),
(8, 'allan@metropolis.ca', 'allan@metropolis.ca', 'Petra', 'Simpson', 6, NULL, NULL, '', NULL, 'NJEzh1L2rrp-twIGYgPeg-DDGcfvon68', 10, NULL, '0000-00-00 00:00:00', '0000-00-00 00:00:00', '2016-07-19 01:25:35', 1, 0, 1, NULL, NULL),
(9, 'pthanhlac@gmail.com', 'pthanhlac@gmail.com', 'Peter', 'Pham', 7, NULL, NULL, '', NULL, 'ArNahtSVWi7X4dc_ks66Y55bKfFDiV6u', 10, NULL, '0000-00-00 00:00:00', '0000-00-00 00:00:00', '2016-07-19 03:28:51', 1, 1, 1, NULL, NULL),
(10, 'pthanhlac2@gmail.com', 'pthanhlac2@gmail.com', 'Peter', 'P', 8, NULL, NULL, '', NULL, 'S1yW8xuSzVhR1CzC409p1d4gjw1zV_pl', 10, NULL, '0000-00-00 00:00:00', '0000-00-00 00:00:00', '2016-07-19 03:32:00', 1, 1, 1, NULL, NULL),
(11, 'pthanhlac3@gmail.com', 'pthanhlac3@gmail.com', 'Peter', 'P', 9, NULL, NULL, '', NULL, 'OJoYyp4-8YSt9KMx1vFeAkec8LRY8OO1', 10, NULL, '0000-00-00 00:00:00', '0000-00-00 00:00:00', '2016-07-19 03:33:19', 1, 1, 1, NULL, NULL),
(12, 'john.bastawrous@matchmg.com', 'john.bastawrous@matchmg.com', 'John', 'Bastawrous', 10, NULL, NULL, '$2y$13$SNzcnFUjYjYmrodexD/KyuuFz5wwFZvGGhQRabS.0dgh5K630aHEu', NULL, 'uLxN3H6U70xOSLaCblKS8krERUeaMBOg', 10, NULL, '0000-00-00 00:00:00', '0000-00-00 00:00:00', '2016-07-22 04:06:15', 1, 0, 1, NULL, NULL),
(13, 'Stephanie.Ledda-Chan@matchmg.com', 'Stephanie.Ledda-Chan@matchmg.com', 'Stephanie', 'Ledda-Chan', 11, NULL, NULL, '$2y$13$6XENEnDFdxwRDMwxFBAIlO/5SXbM9zLbFnpOPV8DrfYhKIYwefLDO', NULL, 'QFIlYxefCHIzn3K7ZzeblGAuS7GRzEdI', 10, NULL, '0000-00-00 00:00:00', '0000-00-00 00:00:00', '2016-07-22 04:09:00', 1, 0, 1, NULL, NULL),
(14, 'Michael.Jones@matchmg.com', 'Michael.Jones@matchmg.com', 'Michael', 'Jones', 12, NULL, NULL, '$2y$13$UiK7oSQdmn.gbPsXk3iIt.ceiBURLZH2Lmv2bEEfeS5bSFmXf2fWq', NULL, '5gXn7FT2YG3PH0NO26DcZTzN2zdDO6BG', 10, NULL, '0000-00-00 00:00:00', '0000-00-00 00:00:00', '2016-07-22 04:10:24', 1, 0, 1, NULL, NULL),
(15, 'kharding@metropolis.ca', 'kharding@metropolis.ca', 'kharding', 'kharding', 13, NULL, NULL, '$2y$13$bs9XPVS9wth5vcQxiv0IXOMET60X39gr6WUubJzw.ydQgmIZKW23O', NULL, 'rOMG-oi50nemwDs-7JR6QzFjLx8ITi0-', 10, NULL, '0000-00-00 00:00:00', '0000-00-00 00:00:00', '2016-07-22 04:12:24', 1, 0, 1, NULL, NULL),
(16, 'testen@gmail.com', 'testen@gmail.com', 'lac', 'Phan', 14, NULL, NULL, '', NULL, 'rGq9ZCnTxO4v-ieJ7ploQDGW_LEq0Woa', 10, NULL, '0000-00-00 00:00:00', '0000-00-00 00:00:00', '2016-07-26 10:31:04', 1, 1, 1, NULL, NULL),
(17, 'testfr@gmail.com', 'testfr@gmail.com', 'Peter', 'Phan', 15, NULL, NULL, '', NULL, 'i80ePvKrw7DwD1BLXojm1QFH-BZQKJoy', 10, NULL, '0000-00-00 00:00:00', '0000-00-00 00:00:00', '2016-07-26 10:36:08', 1, 1, 1, NULL, NULL),
(18, 'deleteme4@me.com', 'deleteme4@me.com', 'Delete', 'Delete', 16, NULL, NULL, '', NULL, 'J9oSinwO4enwvNTJTHbnTp3NMXse07Le', 10, NULL, '0000-00-00 00:00:00', '0000-00-00 00:00:00', '2016-07-27 10:18:22', 1, 1, 1, NULL, NULL),
(19, 'deleteme5@me.com', 'deleteme5@me.com', 'Delete', 'Delete', 17, NULL, NULL, '', NULL, 'Zvrq_C0npkDOwTWhV-4Vfv164BN5A-Pk', 10, NULL, '0000-00-00 00:00:00', '0000-00-00 00:00:00', '2016-07-27 10:21:11', 1, 1, 1, NULL, NULL),
(20, 'deleteme6@me.com', 'deleteme6@me.com', 'Delete', 'Delete', 18, NULL, NULL, '', NULL, 'I9w7qXAE23NmgzqkF5uCLGJ7etXJqbxt', 10, NULL, '0000-00-00 00:00:00', '0000-00-00 00:00:00', '2016-07-27 10:34:21', 1, 1, 1, NULL, NULL),
(21, 'allanvu@gmail.com', 'allanvu@gmail.com', 'Allan', 'TEST', 19, NULL, NULL, '', NULL, 'vLL80WQT6iYbFk43IsjGrRndTEz2wPj6', 10, NULL, '0000-00-00 00:00:00', '0000-00-00 00:00:00', '2016-07-27 11:37:26', 1, 0, 1, NULL, NULL),
(22, 'purvishah.u@gmail.com', 'purvishah.u@gmail.com', 'Purvi', 'Shah', 20, NULL, NULL, '$2y$13$4hS.Ea0lRwTFYIfWWylwSOZ6I.XfXCTKLzyF9S/WIoNP/RczsuKuy', NULL, 'Phl5MPwuXCWJPSWQVEpbZXUJ2RwaLYqh', 10, NULL, '0000-00-00 00:00:00', '0000-00-00 00:00:00', '2016-07-27 16:17:36', 1, 1, 1, NULL, NULL),
(23, 'farzeen.abbas@gmail.com', 'farzeen.abbas@gmail.com', 'Farzeen', 'Abbas', 21, NULL, NULL, '$2y$13$wlWi17JsueyEGKgNqBKzAOO5LIAHeaM/c6uKLFrP9GG2d0hSwN1ji', NULL, 'ozJRubdw9T8n4SE25ifdjK5RV1NLYb2N', 10, NULL, '0000-00-00 00:00:00', '0000-00-00 00:00:00', '2016-07-27 16:40:29', 15, 1, 1, NULL, NULL),
(24, 'test@gmail.com', 'test@gmail.com', 'John', 'Bastawrous', 22, NULL, NULL, '', NULL, '2sYK5dKG7MYJtGJdcXE38GajaaSNiaSp', 10, NULL, '0000-00-00 00:00:00', '0000-00-00 00:00:00', '2016-07-28 04:34:45', 1, 0, 1, NULL, NULL),
(25, 'ranawatpurvi@gmail.com', 'ranawatpurvi@gmail.com', 'Purvi', 'Ranawat', 23, NULL, NULL, '', NULL, 'igjZoUKqdMw2YluGt-U96iA_afa8C24y', 10, NULL, '0000-00-00 00:00:00', '0000-00-00 00:00:00', '2016-07-28 05:55:12', 1, 1, 1, NULL, NULL),
(26, 'ranawatdinesh@gmail.com', 'ranawatdinesh@gmail.com', 'Purveee', 'Ranawat', 24, NULL, NULL, '', NULL, '_x8qags_oLb2S6N_F-t3GK_VlA_1R8dR', 10, NULL, '0000-00-00 00:00:00', '0000-00-00 00:00:00', '2016-07-28 06:15:04', 1, 1, 1, NULL, NULL),
(27, 'dfdsgfdgfdghfdhfdhfg@fdf.com', 'dfdsgfdgfdghfdhfdhfg@fdf.com', 'abs', 'ssd', 25, NULL, NULL, '', NULL, 'nfuYAZGADMur-JTGQbNlfHJTJmwOA9zj', 10, NULL, '0000-00-00 00:00:00', '0000-00-00 00:00:00', '2016-07-28 06:18:47', 1, 1, 1, NULL, NULL),
(28, 'omerbhatti019@gmail.com', 'omerbhatti019@gmail.com', '1234', '3213', 26, NULL, NULL, '', NULL, 'XQnkYoOeYtXP8eDYsnWpl3shEDZNdYJ6', 10, NULL, '0000-00-00 00:00:00', '0000-00-00 00:00:00', '2016-07-28 06:23:59', 1, 1, 1, NULL, NULL),
(29, 'testiingp2@gmail.com', 'testiingp2@gmail.com', 'john', 'peter', 27, NULL, NULL, '', NULL, 'DVsFrk8bob9MnVRYI9NY8aHjt-se2QyA', 10, NULL, '0000-00-00 00:00:00', '0000-00-00 00:00:00', '2016-07-28 06:43:14', 1, 1, 1, NULL, NULL),
(30, 'testiingp4t@gmail.com', 'testiingp4t@gmail.com', 'Abeeha', 'zain', 28, NULL, NULL, '', NULL, 'aHRiSlCrc09OrPFltbPf2uzyckoweJd6', 10, NULL, '0000-00-00 00:00:00', '0000-00-00 00:00:00', '2016-07-28 07:31:59', 1, 1, 1, NULL, NULL),
(31, 'abcd@abc.com', 'abcd@abc.com', 'fdfdf', 'fdd', 29, NULL, NULL, '', NULL, 'w1Xc5b4aRumxkGJayGjjoSM-js2LN2q9', 10, NULL, '0000-00-00 00:00:00', '0000-00-00 00:00:00', '2016-07-28 09:25:34', 1, 1, 1, NULL, NULL),
(32, 'tester1@gmail.com', 'tester1@gmail.com', 'Test', 'Test', 30, NULL, NULL, '', NULL, 'bz6kPB2F9dYjWFJy4EXXq4BPoxL23nMb', 10, NULL, '0000-00-00 00:00:00', '0000-00-00 00:00:00', '2016-07-28 10:15:43', 1, 1, 1, NULL, NULL),
(33, 'htesterqa@gmail.com', 'htesterqa@gmail.com', 'Test', 'Test', 31, NULL, NULL, '', NULL, 'dsJ40UPgG5UXHe96eO2tE0N2Euq5x8vj', 10, NULL, '0000-00-00 00:00:00', '0000-00-00 00:00:00', '2016-07-28 10:17:59', 1, 1, 1, NULL, NULL),
(34, 'htesterqa+3@gmail.com', 'htesterqa+3@gmail.com', 'Test1', 'test1', 32, NULL, NULL, '', NULL, 'Uy82_RqA1trSxkNOgz-vFy38Wc8DdlnM', 10, NULL, '0000-00-00 00:00:00', '0000-00-00 00:00:00', '2016-07-28 10:33:49', 1, 1, 1, NULL, NULL),
(35, 'testkualitatem1@gmail.com', 'testkualitatem1@gmail.com', '1256', '12345', 33, NULL, NULL, '', NULL, 'DYk5n-Q6FDENoz6HE58_BjKVcHABZQBl', 10, NULL, '0000-00-00 00:00:00', '0000-00-00 00:00:00', '2016-07-28 10:34:54', 1, 1, 1, NULL, NULL),
(36, 'selitestingp1@gmail.com', 'selitestingp1@gmail.com', 'Tonny', 'John', 34, NULL, NULL, '', NULL, 'noJ0Z25JqJkngww648kh312_cZCSp4Cg', 10, NULL, '0000-00-00 00:00:00', '0000-00-00 00:00:00', '2016-07-28 11:21:27', 1, 1, 1, NULL, NULL),
(37, 'htesterqa+20@gmail.com', 'htesterqa+20@gmail.com', 'Pulpy', 'Orange', 35, NULL, NULL, '', NULL, 'NXb0upW-Vpe5lv0UhnFnx8oknXwf7kcy', 10, NULL, '0000-00-00 00:00:00', '0000-00-00 00:00:00', '2016-07-28 12:05:52', 1, 1, 1, NULL, NULL),
(38, 'jndinesh2@gmail.com', 'jndinesh2@gmail.com', 'Purvieee', 'Ranawat', 36, NULL, NULL, '', NULL, '5sKIQ_a-kJvcU4a-0pPHyv2lR8CTm5p4', 10, NULL, '0000-00-00 00:00:00', '0000-00-00 00:00:00', '2016-07-28 12:08:15', 1, 1, 1, NULL, NULL),
(39, 'testkualitatem3@gmail.com', 'testkualitatem3@gmail.com', '123123', '31253126', 37, NULL, NULL, '', NULL, 'LkYUwiAnq8FoFQE-UP9MKJ_DHhAwKeL2', 10, NULL, '0000-00-00 00:00:00', '0000-00-00 00:00:00', '2016-07-28 12:53:10', 1, 1, 1, NULL, NULL),
(40, 'allanvu2@gmail.com', 'allanvu2@gmail.com', 'AV', 'TEST', 38, NULL, NULL, '', NULL, 'Swr3Aq3q5G9Td7xXND2v6XrRJSgwa1js', 10, NULL, '0000-00-00 00:00:00', '0000-00-00 00:00:00', '2016-07-28 14:02:27', 1, 0, 1, NULL, NULL),
(41, 'Purvir@gmail.com', 'Purvir@gmail.com', 'Rrrrrr', 'Ttttttttttt', 39, NULL, NULL, '', NULL, 'JW-IX5_Mv7UG-daPjgN4KvN4_rGVYBYB', 10, NULL, '0000-00-00 00:00:00', '0000-00-00 00:00:00', '2016-07-28 17:13:43', 1, 1, 1, NULL, NULL),
(42, 'naqash.zafar@gmail.com', 'naqash.zafar@gmail.com', 'Naqash', 'Zafar', 40, NULL, NULL, '', NULL, 'YazC0DAMOi-R61NH4JVH7XcROpqcdxaj', 10, NULL, '0000-00-00 00:00:00', '0000-00-00 00:00:00', '2016-07-29 05:05:54', 1, 1, 1, NULL, NULL),
(43, 'poorviranawat@gmail.com', 'poorviranawat@gmail.com', '@purvi', '@ranawat', 41, NULL, NULL, '', NULL, 'Fntqz6tv6XcIOMjhAHiLQl2__nHyEcc3', 10, NULL, '0000-00-00 00:00:00', '0000-00-00 00:00:00', '2016-07-29 09:11:28', 1, 1, 1, NULL, NULL),
(44, 'omer@gmail.com', 'omer@gmail.com', 'asd', 'ada', 42, NULL, NULL, '', NULL, 'tADygia2wMYpYuL0lIaegZIT2NYxeNKz', 10, NULL, '0000-00-00 00:00:00', '0000-00-00 00:00:00', '2016-07-29 11:05:38', 1, 1, 1, NULL, NULL),
(45, 'tester1+30@gmail.com', 'tester1+30@gmail.com', 'Test', 'Test', 43, NULL, NULL, '', NULL, '7qqSZF8LV_BLcpijUEyLMmBSJC8Bn3O1', 10, NULL, '0000-00-00 00:00:00', '0000-00-00 00:00:00', '2016-07-29 11:08:23', 1, 1, 1, NULL, NULL),
(46, 'poourvi@gmail.com', 'poourvi@gmail.com', 'Tester1', 'r', 44, NULL, NULL, '', NULL, 'KEDwOjIguC_GAcJmaWHBYkbxc5fVy5H5', 10, NULL, '0000-00-00 00:00:00', '0000-00-00 00:00:00', '2016-07-29 14:27:10', 1, 1, 1, NULL, NULL),
(47, 'k@gmail.com', 'k@gmail.com', 'Marina', 'Kadada', 45, NULL, NULL, '', NULL, 'g9e3KMD6GYK7qq3ylEOh8w1tSfDHNJT8', 10, NULL, '0000-00-00 00:00:00', '0000-00-00 00:00:00', '2016-07-29 19:20:23', 1, 1, 1, NULL, NULL),
(48, 'p@gmail.com', 'p@gmail.com', 'John', 'Bdastawr', 46, NULL, NULL, '', NULL, 'qF_zpZ9DwIewojTDZQQalUcsnN-TVXMe', 10, NULL, '0000-00-00 00:00:00', '0000-00-00 00:00:00', '2016-07-29 19:22:19', 1, 1, 1, NULL, NULL),
(49, 'ranawatpoorvi@gmail.com', 'ranawatpoorvi@gmail.com', 'Purvi', 'Ranawat', 47, NULL, NULL, '', NULL, 'fgbH2AqeD-lUax0Ndi82fVOv4YCbcNIV', 10, NULL, '0000-00-00 00:00:00', '0000-00-00 00:00:00', '2016-07-30 06:35:00', 1, 1, 1, NULL, NULL),
(50, 'test.cleverpear1@gmail.com', 'test.cleverpear1@gmail.com', 'Arham', 'Ranawat', 48, NULL, NULL, '', NULL, 'Ce2P6SGGGXk6tkLAmlsnDWC0ApQxN28_', 10, NULL, '0000-00-00 00:00:00', '0000-00-00 00:00:00', '2016-07-30 07:24:18', 1, 1, 1, NULL, NULL),
(51, 'michellelantz22@yahoo.com', 'michellelantz22@yahoo.com', 'Michelle', 'Lantz', 49, NULL, NULL, '', NULL, 'UuVkV2-MCYK1tqDZWemQuNK7f7UT8gTZ', 10, NULL, '0000-00-00 00:00:00', '0000-00-00 00:00:00', '2016-08-02 14:23:49', 1, 1, 1, NULL, NULL),
(52, 'michael.salfi@bicworld.com', 'michael.salfi@bicworld.com', 'Michael', 'Salfi', 50, NULL, NULL, '', NULL, '93S2-ZrxYf2lAN62eYgL0HSGqDd-RiRp', 10, NULL, '0000-00-00 00:00:00', '0000-00-00 00:00:00', '2016-08-02 18:09:34', 1, 0, 1, NULL, NULL),
(53, 'daw@dao.com', 'daw@dao.com', 'Lenoa', 'Bo', 51, NULL, NULL, '', NULL, 'Pjup85n8qhtfOseSYseHWHvamtu3W877', 10, NULL, '0000-00-00 00:00:00', '0000-00-00 00:00:00', '2016-08-04 15:47:53', 1, 1, 1, NULL, NULL),
(54, 'z@gmail.com', 'z@gmail.com', 'John', 'Doe', 52, NULL, NULL, '', NULL, '3zgcdJFYFXvxEZLt75xSwm9i2Pdw4rtM', 10, NULL, '0000-00-00 00:00:00', '0000-00-00 00:00:00', '2016-08-05 14:47:50', 1, 1, 1, NULL, NULL),
(55, 'pthanhlac121@gmail.com', 'pthanhlac121@gmail.com', 'Peter', 'Phan', 53, NULL, NULL, '', NULL, 'zxTHr_noiIDaWpQWz56lPEf73IRfRens', 10, NULL, '0000-00-00 00:00:00', '0000-00-00 00:00:00', '2016-08-08 18:07:04', 1, 1, 1, NULL, NULL);

-- --------------------------------------------------------

--
-- Table structure for table `bic_ffyw_user_profile`
--

CREATE TABLE IF NOT EXISTS `bic_ffyw_user_profile` (
  `id` int(11) NOT NULL,
  `address` varchar(255) COLLATE utf8_unicode_ci DEFAULT NULL,
  `city` varchar(255) COLLATE utf8_unicode_ci DEFAULT NULL,
  `street` varchar(255) COLLATE utf8_unicode_ci DEFAULT NULL,
  `province` varchar(255) COLLATE utf8_unicode_ci DEFAULT NULL,
  `post_code` varchar(255) COLLATE utf8_unicode_ci DEFAULT NULL,
  `phone_number` varchar(32) COLLATE utf8_unicode_ci DEFAULT NULL,
  `united` varchar(32) COLLATE utf8_unicode_ci DEFAULT NULL,
  `date_of_birth` datetime DEFAULT NULL,
  `parent_first_name` varchar(255) COLLATE utf8_unicode_ci DEFAULT NULL,
  `parent_last_name` varchar(255) COLLATE utf8_unicode_ci DEFAULT NULL
) ENGINE=InnoDB AUTO_INCREMENT=54 DEFAULT CHARSET=utf8 COLLATE=utf8_unicode_ci;

--
-- Dumping data for table `bic_ffyw_user_profile`
--

INSERT INTO `bic_ffyw_user_profile` (`id`, `address`, `city`, `street`, `province`, `post_code`, `phone_number`, `united`, `date_of_birth`, `parent_first_name`, `parent_last_name`) VALUES
(1, NULL, NULL, NULL, 'New Brunswick', NULL, '9715332904', NULL, '1993-03-04 00:00:00', 'test f', 'Test 2'),
(2, NULL, NULL, NULL, 'Ontario', NULL, '4166666666', NULL, '1991-12-13 00:00:00', 'j', 'b'),
(3, NULL, NULL, NULL, 'Ontario', NULL, '4166665555', NULL, '1944-01-02 00:00:00', 'dsa', 'dsa'),
(4, NULL, NULL, NULL, 'Alberta', NULL, '4165555555', NULL, '1907-03-01 00:00:00', 'a', 'd'),
(5, NULL, NULL, NULL, 'Ontario', NULL, '6475172821', NULL, '1987-11-14 00:00:00', 'Petra', 'Simpson'),
(6, NULL, NULL, NULL, 'Ontario', NULL, '6475172820', NULL, '1987-11-14 00:00:00', 'Petra', 'Simpson'),
(7, NULL, NULL, NULL, 'Manitoba', NULL, '0919231222', NULL, '1908-01-02 00:00:00', 'Peter', 'Pham'),
(8, NULL, NULL, NULL, 'Manitoba', NULL, '0919231222', NULL, '1908-01-02 00:00:00', 'Peter', 'P'),
(9, NULL, NULL, NULL, 'Manitoba', NULL, '0919231222', NULL, '1908-01-02 00:00:00', 'Peter', 'P'),
(10, NULL, NULL, NULL, NULL, NULL, '', NULL, '2016-07-22 00:00:00', NULL, NULL),
(11, NULL, NULL, NULL, NULL, NULL, '', NULL, '2016-07-22 00:00:00', NULL, NULL),
(12, NULL, NULL, NULL, NULL, NULL, '', NULL, '2016-07-22 00:00:00', NULL, NULL),
(13, NULL, NULL, NULL, NULL, NULL, '', NULL, '2016-07-22 00:00:00', NULL, NULL),
(14, NULL, NULL, NULL, 'British Columbia', NULL, '0919231222', NULL, '1907-03-03 00:00:00', 'lac', 'Phan'),
(15, NULL, NULL, NULL, 'British Columbia', NULL, '0919231222', NULL, '1907-02-03 00:00:00', 'Peter', 'Phan'),
(16, NULL, NULL, NULL, 'New Brunswick', NULL, '1234567890', NULL, '1920-01-01 00:00:00', 'Delete', 'Delete'),
(17, NULL, NULL, NULL, 'New Brunswick', NULL, '1234567890', NULL, '1921-01-01 00:00:00', 'Delete', 'Delete'),
(18, NULL, NULL, NULL, 'Alberta', NULL, '1234567890', NULL, '1922-01-01 00:00:00', 'Delete', 'Delete'),
(19, NULL, NULL, NULL, 'Newfoundland and Labrador', NULL, 'ee83272-22', NULL, '1970-04-04 00:00:00', 'Allan', 'TEST'),
(20, NULL, NULL, NULL, NULL, NULL, '', NULL, '2016-07-27 00:00:00', NULL, NULL),
(21, NULL, NULL, NULL, NULL, NULL, '', NULL, '2016-07-28 00:00:00', NULL, NULL),
(22, NULL, NULL, NULL, 'Ontario', NULL, '4167265230', NULL, '1921-04-05 00:00:00', 'John', 'Bastawrous'),
(23, NULL, NULL, NULL, 'British Columbia', NULL, '9033812759', NULL, '1949-01-01 00:00:00', 'Purvi', 'Ranawat'),
(24, NULL, NULL, NULL, 'New Brunswick', NULL, '9033812759', NULL, '1924-05-05 00:00:00', 'Purveee', 'Ranawat'),
(25, NULL, NULL, NULL, 'New Brunswick', NULL, '4325678906', NULL, '1920-02-01 00:00:00', 'abs', 'ssd'),
(26, NULL, NULL, NULL, 'Ontario', NULL, '1234567890', NULL, '1921-07-28 00:00:00', '1234', '3213'),
(27, NULL, NULL, NULL, 'New Brunswick', NULL, '1234567890', NULL, '1998-01-01 00:00:00', 'john', 'peter'),
(28, NULL, NULL, NULL, 'Alberta', NULL, '1234567890', NULL, '1997-02-01 00:00:00', 'Abeeha', 'zain'),
(29, NULL, NULL, NULL, 'Alberta', NULL, '1234567890', NULL, '1920-01-01 00:00:00', 'fdfdf', 'fdd'),
(30, NULL, NULL, NULL, 'Alberta', NULL, '5555555555', NULL, '1990-10-03 00:00:00', 'Test', 'Test'),
(31, NULL, NULL, NULL, 'Alberta', NULL, '5555555555', NULL, '1990-10-03 00:00:00', 'Test', 'Test'),
(32, NULL, NULL, NULL, 'Alberta', NULL, '4444444444', NULL, '1990-10-03 00:00:00', 'Test1', 'test1'),
(33, NULL, NULL, NULL, 'Ontario', NULL, '1234567890', NULL, '1920-10-14 00:00:00', '1256', '12345'),
(34, NULL, NULL, NULL, 'Alberta', NULL, '0987654321', NULL, '1924-02-04 00:00:00', 'Tonny', 'John'),
(35, NULL, NULL, NULL, 'Quebec', NULL, '6665554447', NULL, '1990-10-03 00:00:00', 'Pulpy', 'Orange'),
(36, NULL, NULL, NULL, 'Newfoundland and Labrador', NULL, '9999999999', NULL, '1923-05-05 00:00:00', 'Purvieee', 'Ranawat'),
(37, NULL, NULL, NULL, 'Ontario', NULL, '1234567890', NULL, '1923-12-28 00:00:00', '123123', '31253126'),
(38, NULL, NULL, NULL, 'Newfoundland and Labrador', NULL, '4163211234', NULL, '1924-01-04 00:00:00', 'AV', 'TEST'),
(39, NULL, NULL, NULL, 'Manitoba', NULL, '1245678900', NULL, '1922-01-03 00:00:00', 'Rrrrrr', 'Ttttttttttt'),
(40, NULL, NULL, NULL, 'Prince Edward Island', NULL, '9231344151', NULL, '1921-02-02 00:00:00', 'Naqash', 'Zafar'),
(41, NULL, NULL, NULL, 'Manitoba', NULL, '9033812759', NULL, '1955-01-02 00:00:00', '@purvi', '@ranawat'),
(42, NULL, NULL, NULL, 'Alberta', NULL, '1234567890', NULL, '1921-02-02 00:00:00', 'asd', 'ada'),
(43, NULL, NULL, NULL, 'Alberta', NULL, '8777656789', NULL, '1924-10-02 00:00:00', 'Test', 'Test'),
(44, NULL, NULL, NULL, 'British Columbia', NULL, '9033812759', NULL, '1923-04-04 00:00:00', 'Tester1', 'r'),
(45, NULL, NULL, NULL, 'British Columbia', NULL, '4167366666', NULL, '1945-05-03 00:00:00', 'Marina', 'Kadada'),
(46, NULL, NULL, NULL, 'Alberta', NULL, '4166666665', NULL, '1948-02-02 00:00:00', 'John', 'Bdastawr'),
(47, NULL, NULL, NULL, 'British Columbia', NULL, '9033812759', NULL, '1921-01-01 00:00:00', 'Purvi', 'Ranawat'),
(48, NULL, NULL, NULL, 'Manitoba', NULL, '9408233125', NULL, '1922-04-02 00:00:00', 'Arham', 'Ranawat'),
(49, NULL, NULL, NULL, 'Alberta', NULL, '2032604227', NULL, '1972-01-01 00:00:00', 'Michelle', 'Lantz'),
(50, NULL, NULL, NULL, 'Ontario', NULL, '4167484325', NULL, '1922-02-01 00:00:00', 'Michael', 'Salfi'),
(51, NULL, NULL, NULL, 'British Columbia', NULL, '1234567890', NULL, '1922-02-04 00:00:00', 'Lenoa', 'Bo'),
(52, NULL, NULL, NULL, 'Ontario', NULL, '4165555555', NULL, '1928-01-01 00:00:00', 'John', 'Doe'),
(53, NULL, NULL, NULL, 'Alberta', NULL, '0919231222', NULL, '1922-03-04 00:00:00', 'Peter', 'Phan');

--
-- Indexes for dumped tables
--

--
-- Indexes for table `bic_ffyw_attachment`
--
ALTER TABLE `bic_ffyw_attachment`
  ADD PRIMARY KEY (`id`);

--
-- Indexes for table `bic_ffyw_auth_assignment`
--
ALTER TABLE `bic_ffyw_auth_assignment`
  ADD PRIMARY KEY (`item_name`,`user_id`);

--
-- Indexes for table `bic_ffyw_auth_item`
--
ALTER TABLE `bic_ffyw_auth_item`
  ADD PRIMARY KEY (`name`),
  ADD KEY `rule_name` (`rule_name`),
  ADD KEY `idx-auth_item-type` (`type`);

--
-- Indexes for table `bic_ffyw_auth_item_child`
--
ALTER TABLE `bic_ffyw_auth_item_child`
  ADD PRIMARY KEY (`parent`,`child`),
  ADD KEY `child` (`child`);

--
-- Indexes for table `bic_ffyw_auth_rule`
--
ALTER TABLE `bic_ffyw_auth_rule`
  ADD PRIMARY KEY (`name`);

--
-- Indexes for table `bic_ffyw_code_block_item`
--
ALTER TABLE `bic_ffyw_code_block_item`
  ADD PRIMARY KEY (`id`);

--
-- Indexes for table `bic_ffyw_contest_item`
--
ALTER TABLE `bic_ffyw_contest_item`
  ADD PRIMARY KEY (`id`),
  ADD KEY `FK_ContestItem_Attachment` (`attachment_id`);

--
-- Indexes for table `bic_ffyw_contest_session`
--
ALTER TABLE `bic_ffyw_contest_session`
  ADD PRIMARY KEY (`id`),
  ADD KEY `IX_bic_ffyw_contest_session578d07698eef9_created_at` (`created_at`),
  ADD KEY `IX_bic_ffyw_contest_session578d076991fd2_updated_at` (`updated_at`),
  ADD KEY `IX_bic_ffyw_contest_session578d076994e52_published_at` (`published_at`),
  ADD KEY `IX_bic_ffyw_contest_session578d07699795f_creator_id` (`creator_id`),
  ADD KEY `IX_bic_ffyw_contest_session578d076999fef_is_deleted` (`is_deleted`),
  ADD KEY `IX_bic_ffyw_contest_session578d07699c441_is_enabled` (`is_enabled`),
  ADD KEY `FK_ContestSession_ContestSessionItem_ID` (`contest_item_id`),
  ADD KEY `FK_ContestSession_User_ID` (`user_id`),
  ADD KEY `FK_ContestSession_Attachment_ID` (`attachment_id`);

--
-- Indexes for table `bic_ffyw_locale`
--
ALTER TABLE `bic_ffyw_locale`
  ADD PRIMARY KEY (`id`);

--
-- Indexes for table `bic_ffyw_migration`
--
ALTER TABLE `bic_ffyw_migration`
  ADD PRIMARY KEY (`version`);

--
-- Indexes for table `bic_ffyw_page_item`
--
ALTER TABLE `bic_ffyw_page_item`
  ADD PRIMARY KEY (`id`),
  ADD KEY `IX_bic_ffyw_page_item578d0769a5b2e_created_at` (`created_at`),
  ADD KEY `IX_bic_ffyw_page_item578d0769a8ac0_updated_at` (`updated_at`),
  ADD KEY `IX_bic_ffyw_page_item578d0769ac571_published_at` (`published_at`),
  ADD KEY `IX_bic_ffyw_page_item578d0769af1b6_creator_id` (`creator_id`),
  ADD KEY `IX_bic_ffyw_page_item578d0769b2069_is_deleted` (`is_deleted`),
  ADD KEY `IX_bic_ffyw_page_item578d0769b4b36_is_enabled` (`is_enabled`);

--
-- Indexes for table `bic_ffyw_user`
--
ALTER TABLE `bic_ffyw_user`
  ADD PRIMARY KEY (`id`),
  ADD UNIQUE KEY `password_reset_token` (`password_reset_token`),
  ADD KEY `IX_bic_ffyw_user578d07680dfe4_created_at` (`created_at`),
  ADD KEY `IX_bic_ffyw_user578d076811253_updated_at` (`updated_at`),
  ADD KEY `IX_bic_ffyw_user578d07681354a_published_at` (`published_at`),
  ADD KEY `IX_bic_ffyw_user578d076816736_creator_id` (`creator_id`),
  ADD KEY `IX_bic_ffyw_user578d07681968c_is_deleted` (`is_deleted`),
  ADD KEY `IX_bic_ffyw_user578d07681c0af_is_enabled` (`is_enabled`),
  ADD KEY `IX_bic_ffyw_user578d07681f838_username` (`username`),
  ADD KEY `IX_bic_ffyw_user578d0768222f8_email` (`email`),
  ADD KEY `IX_bic_ffyw_user578d076825308_profile_id` (`profile_id`),
  ADD KEY `IX_bic_ffyw_user578d0768281d2_parent_id` (`parent_id`),
  ADD KEY `IX_bic_ffyw_user578d07682b0cf_level` (`level`);

--
-- Indexes for table `bic_ffyw_user_profile`
--
ALTER TABLE `bic_ffyw_user_profile`
  ADD PRIMARY KEY (`id`);

--
-- AUTO_INCREMENT for dumped tables
--

--
-- AUTO_INCREMENT for table `bic_ffyw_attachment`
--
ALTER TABLE `bic_ffyw_attachment`
  MODIFY `id` int(11) NOT NULL AUTO_INCREMENT,AUTO_INCREMENT=154;
--
-- AUTO_INCREMENT for table `bic_ffyw_code_block_item`
--
ALTER TABLE `bic_ffyw_code_block_item`
  MODIFY `id` int(11) NOT NULL AUTO_INCREMENT,AUTO_INCREMENT=5;
--
-- AUTO_INCREMENT for table `bic_ffyw_contest_item`
--
ALTER TABLE `bic_ffyw_contest_item`
  MODIFY `id` int(11) NOT NULL AUTO_INCREMENT,AUTO_INCREMENT=25;
--
-- AUTO_INCREMENT for table `bic_ffyw_contest_session`
--
ALTER TABLE `bic_ffyw_contest_session`
  MODIFY `id` int(11) NOT NULL AUTO_INCREMENT,AUTO_INCREMENT=13;
--
-- AUTO_INCREMENT for table `bic_ffyw_locale`
--
ALTER TABLE `bic_ffyw_locale`
  MODIFY `id` int(11) NOT NULL AUTO_INCREMENT,AUTO_INCREMENT=4;
--
-- AUTO_INCREMENT for table `bic_ffyw_page_item`
--
ALTER TABLE `bic_ffyw_page_item`
  MODIFY `id` int(11) NOT NULL AUTO_INCREMENT,AUTO_INCREMENT=59;
--
-- AUTO_INCREMENT for table `bic_ffyw_user`
--
ALTER TABLE `bic_ffyw_user`
  MODIFY `id` int(11) NOT NULL AUTO_INCREMENT,AUTO_INCREMENT=56;
--
-- AUTO_INCREMENT for table `bic_ffyw_user_profile`
--
ALTER TABLE `bic_ffyw_user_profile`
  MODIFY `id` int(11) NOT NULL AUTO_INCREMENT,AUTO_INCREMENT=54;
--
-- Constraints for dumped tables
--

--
-- Constraints for table `bic_ffyw_auth_assignment`
--
ALTER TABLE `bic_ffyw_auth_assignment`
  ADD CONSTRAINT `bic_ffyw_auth_assignment_ibfk_1` FOREIGN KEY (`item_name`) REFERENCES `bic_ffyw_auth_item` (`name`) ON DELETE CASCADE ON UPDATE CASCADE;

--
-- Constraints for table `bic_ffyw_auth_item`
--
ALTER TABLE `bic_ffyw_auth_item`
  ADD CONSTRAINT `bic_ffyw_auth_item_ibfk_1` FOREIGN KEY (`rule_name`) REFERENCES `bic_ffyw_auth_rule` (`name`) ON DELETE SET NULL ON UPDATE CASCADE;

--
-- Constraints for table `bic_ffyw_auth_item_child`
--
ALTER TABLE `bic_ffyw_auth_item_child`
  ADD CONSTRAINT `bic_ffyw_auth_item_child_ibfk_1` FOREIGN KEY (`parent`) REFERENCES `bic_ffyw_auth_item` (`name`) ON DELETE CASCADE ON UPDATE CASCADE,
  ADD CONSTRAINT `bic_ffyw_auth_item_child_ibfk_2` FOREIGN KEY (`child`) REFERENCES `bic_ffyw_auth_item` (`name`) ON DELETE CASCADE ON UPDATE CASCADE;

--
-- Constraints for table `bic_ffyw_contest_item`
--
ALTER TABLE `bic_ffyw_contest_item`
  ADD CONSTRAINT `FK_ContestItem_Attachment` FOREIGN KEY (`attachment_id`) REFERENCES `bic_ffyw_attachment` (`id`) ON DELETE NO ACTION ON UPDATE NO ACTION;

--
-- Constraints for table `bic_ffyw_contest_session`
--
ALTER TABLE `bic_ffyw_contest_session`
  ADD CONSTRAINT `FK_ContestSession_Attachment_ID` FOREIGN KEY (`attachment_id`) REFERENCES `bic_ffyw_attachment` (`id`) ON DELETE NO ACTION ON UPDATE CASCADE,
  ADD CONSTRAINT `FK_ContestSession_ContestSessionItem_ID` FOREIGN KEY (`contest_item_id`) REFERENCES `bic_ffyw_contest_item` (`id`) ON DELETE NO ACTION ON UPDATE CASCADE,
  ADD CONSTRAINT `FK_ContestSession_User_ID` FOREIGN KEY (`user_id`) REFERENCES `bic_ffyw_user` (`id`) ON DELETE NO ACTION ON UPDATE CASCADE;

--
-- Constraints for table `bic_ffyw_user`
--
ALTER TABLE `bic_ffyw_user`
  ADD CONSTRAINT `FK_User_UserProfile_ID` FOREIGN KEY (`profile_id`) REFERENCES `bic_ffyw_user_profile` (`id`) ON DELETE CASCADE ON UPDATE CASCADE;

/*!40101 SET CHARACTER_SET_CLIENT=@OLD_CHARACTER_SET_CLIENT */;
/*!40101 SET CHARACTER_SET_RESULTS=@OLD_CHARACTER_SET_RESULTS */;
/*!40101 SET COLLATION_CONNECTION=@OLD_COLLATION_CONNECTION */;
